Hour,Minute,Second,Temperature(C),Humidity(%),Light(lux),Behavior
0,1,11,28.1,62.9,1527,sleeping
0,7,56,28.1,54.0,1595,sleeping
0,21,39,31.4,57.5,1265,active
0,33,45,25.4,61.8,1998,active
0,38,23,29.7,60.5,711,sleeping
0,54,23,28.6,62.2,1738,sleeping
1,3,53,26.3,65.0,2335,sleeping
1,7,25,27.1,56.1,987,sleeping
1,24,8,28.4,62.3,1940,sleeping
1,34,28,26.7,50.0,1354,sleeping
1,36,46,29.0,61.5,1043,sleeping
1,53,7,25.0,64.1,1852,active
2,0,54,28.8,57.8,2217,active
2,10,2,30.5,61.1,2066,sleeping
2,19,39,25.1,53.2,1344,active
2,34,16,30.7,61.2,1827,sleeping
2,38,13,27.8,60.9,1873,sleeping
2,53,11,28.7,63.7,947,active
3,0,7,25.0,59.6,1720,active
3,6,4,28.0,57.0,932,sleeping
3,21,58,27.5,63.5,1452,sleeping
3,34,14,29.0,62.7,1716,sleeping
3,44,6,25.0,56.1,722,active
3,52,40,28.5,53.4,988,active
4,0,38,25.7,56.1,1282,active
4,13,9,26.3,62.3,700,sleeping
4,17,33,28.6,63.1,1838,sleeping
4,30,8,29.4,63.2,1146,sleeping
4,42,0,28.1,52.3,1165,active
4,50,47,27.5,57.2,1260,sleeping
5,4,46,28.3,63.1,1621,sleeping
5,10,45,28.8,60.6,1380,sleeping
5,23,42,29.7,63.3,1387,sleeping
5,33,2,29.3,65.1,1736,sleeping
5,43,37,29.8,62.3,2010,sleeping
5,48,45,26.9,59.4,2466,sleeping
6,0,26,25.0,56.9,1453,active
6,12,41,27.0,62.1,2256,eating
6,16,22,29.6,54.4,1351,eating
6,31,52,27.4,58.7,1765,eating
6,42,32,27.2,65.5,1873,eating
6,49,51,28.1,57.2,1524,eating
7,2,7,26.9,58.2,1918,eating
7,6,30,26.7,61.3,1679,eating
7,18,29,26.7,50.7,1180,eating
7,31,51,25.0,63.2,1949,active
7,42,50,29.7,58.8,1660,eating
7,47,17,30.0,61.0,2111,eating
8,3,1,25.3,63.8,700,eating
8,7,33,28.1,63.4,1230,eating
8,17,24,27.5,57.4,2637,active
8,32,54,29.5,57.4,1439,eating
8,38,24,28.5,61.4,700,eating
8,46,5,27.3,62.0,1705,eating
9,3,43,28.6,57.6,1170,eating
9,7,1,28.0,59.1,803,eating
9,21,19,29.2,57.0,1459,eating
9,30,45,25.9,60.6,1382,eating
9,44,58,25.0,54.1,700,eating
9,47,28,27.8,61.0,1571,eating
10,0,43,25.0,57.7,1180,active
10,7,39,27.8,57.6,1377,active
10,24,30,26.0,61.0,1896,active
10,29,40,28.4,60.0,1270,active
10,36,46,27.3,63.4,2190,active
10,50,10,28.9,60.2,1370,active
11,1,45,27.5,61.3,1537,active
11,11,45,31.9,60.4,1121,active
11,19,22,26.2,64.5,1022,active
11,30,35,26.1,59.3,1604,active
11,43,30,29.2,60.5,1757,active
11,52,59,25.9,57.5,1393,eating
12,0,49,27.9,62.2,2540,active
12,11,40,29.9,58.9,1740,active
12,17,10,27.7,57.9,1353,active
12,33,5,26.7,64.2,2019,active
12,41,4,26.9,58.7,1382,active
12,50,29,30.6,61.7,700,eating
13,1,14,26.9,56.5,1322,active
13,7,34,30.3,60.4,762,eating
13,20,37,29.2,60.5,1504,active
13,27,59,29.2,53.4,2153,active
13,40,7,27.6,67.0,1176,eating
13,48,53,29.7,61.6,700,active
14,3,40,27.4,59.9,1415,active
14,13,47,29.4,54.3,1251,eating
14,23,47,27.6,63.2,2338,active
14,27,43,25.0,68.3,1350,eating
14,44,39,29.4,53.4,1671,eating
14,48,17,27.0,58.5,1395,active
15,4,48,27.6,50.0,1371,active
15,10,43,26.4,68.7,975,eating
15,24,22,26.9,64.5,1835,active
15,34,4,29.7,59.7,1946,active
15,41,50,28.9,63.2,1308,active
15,50,49,28.0,55.6,1530,active
16,0,49,28.0,64.4,1409,active
16,8,13,25.3,64.1,1868,eating
16,17,45,28.3,60.5,1521,active
16,32,59,25.9,63.2,788,active
16,44,57,28.4,66.4,1063,eating
16,50,25,25.0,56.2,1094,active
17,4,42,25.0,55.6,2136,eating
17,6,12,27.1,65.7,1685,active
17,16,53,26.1,56.9,2700,active
17,27,52,29.5,61.6,1656,active
17,39,0,27.4,63.3,1303,active
17,54,55,25.4,62.9,1258,eating
18,0,38,29.0,56.1,2265,active
18,13,14,29.2,54.7,1089,eating
18,17,39,25.7,59.6,1932,eating
18,30,26,27.7,62.4,1954,active
18,43,3,31.3,55.4,1002,eating
18,50,3,28.2,53.7,1360,active
19,0,16,28.7,63.1,1946,active
19,10,57,29.0,52.4,886,eating
19,17,29,29.6,64.8,2442,eating
19,32,38,29.3,60.0,1113,active
19,42,34,29.9,63.0,1362,active
19,53,22,25.0,57.5,1662,active
20,2,58,27.4,60.5,1944,active
20,7,19,26.2,59.8,1313,active
20,24,47,25.7,60.0,1755,active
20,33,31,28.9,67.3,2042,eating
20,44,8,27.2,56.6,1350,active
20,46,19,30.4,62.7,2263,eating
21,0,21,26.2,56.6,2285,sleeping
21,13,16,28.7,54.0,1154,sleeping
21,17,59,29.2,55.1,1642,sleeping
21,34,52,27.8,65.6,2198,active
21,41,4,29.3,66.4,1931,sleeping
21,54,0,30.0,68.1,1861,active
22,0,59,29.6,62.8,1304,sleeping
22,7,54,27.9,67.2,1839,sleeping
22,23,24,27.6,58.1,1586,sleeping
22,30,53,28.8,64.9,1600,sleeping
22,40,48,30.1,53.4,1176,active
22,53,47,25.0,59.4,1253,active
23,0,13,29.8,54.2,2014,active
23,9,19,28.7,67.2,1051,active
23,18,54,28.9,66.5,1992,active
23,32,47,27.6,59.7,1952,sleeping
23,40,5,30.6,58.1,700,active
23,54,10,28.4,61.6,2151,sleeping
0,0,13,28.9,59.9,1694,sleeping
0,10,42,29.3,57.2,1673,sleeping
0,22,51,25.3,60.6,1713,sleeping
0,34,11,25.7,64.9,1960,active
0,36,13,25.0,57.4,919,sleeping
0,53,5,26.6,53.0,1817,active
1,0,20,27.3,54.3,1618,active
1,14,50,26.5,59.6,1954,sleeping
1,21,48,28.1,62.7,700,active
1,26,57,28.0,55.1,1986,sleeping
1,37,23,26.7,57.0,1184,sleeping
1,49,2,27.1,63.6,2036,sleeping
2,4,33,30.3,59.1,1788,sleeping
2,13,34,28.5,52.9,1849,sleeping
2,18,40,29.0,52.6,1045,sleeping
2,29,9,25.7,51.9,1638,sleeping
2,43,6,31.2,58.3,1233,sleeping
2,54,50,26.4,61.8,1758,sleeping
3,3,48,28.9,55.4,2700,active
3,6,4,29.5,64.2,1908,sleeping
3,20,30,31.1,60.8,1694,sleeping
3,29,3,26.6,56.3,1059,sleeping
3,38,4,25.0,62.1,2106,sleeping
3,46,59,26.4,63.5,1909,sleeping
4,1,47,25.5,65.1,1981,sleeping
4,13,50,25.8,58.7,1717,active
4,17,42,29.2,57.1,1366,sleeping
4,31,6,30.2,57.7,2149,active
4,38,36,26.9,63.6,700,active
4,53,37,32.3,56.8,1400,sleeping
5,0,58,28.2,57.8,1426,sleeping
5,14,34,27.8,61.8,1238,sleeping
5,20,28,29.3,62.1,952,sleeping
5,31,5,27.8,59.0,1470,sleeping
5,37,8,27.8,57.6,1773,sleeping
5,50,58,26.3,58.5,2700,sleeping
6,1,36,29.7,54.0,1848,active
6,10,49,28.2,62.6,1163,eating
6,18,53,31.2,60.4,1947,active
6,32,56,28.2,63.4,1226,eating
6,37,54,28.5,63.0,1327,eating
6,52,55,31.6,52.2,1249,eating
7,2,19,27.6,65.3,1146,eating
7,6,12,26.1,63.8,700,active
7,17,32,26.6,58.5,1703,eating
7,29,31,31.1,60.6,2091,eating
7,40,36,28.4,68.0,1772,eating
7,53,32,27.4,56.6,2198,active
8,1,36,29.2,57.5,1166,eating
8,12,34,28.2,58.2,2048,eating
8,22,7,32.6,60.8,2159,eating
8,28,51,27.9,62.5,963,eating
8,39,19,30.9,59.7,1530,eating
8,53,41,26.3,56.4,1348,eating
9,0,24,25.8,62.8,2169,active
9,9,31,25.0,56.1,988,eating
9,18,52,27.6,61.5,1899,eating
9,33,26,25.5,55.8,1354,eating
9,40,35,30.5,65.3,1882,active
9,50,38,27.5,54.5,1563,eating
10,0,30,28.3,63.0,1496,active
10,9,54,28.9,62.1,1904,active
10,17,4,27.9,58.6,1193,active
10,26,52,29.5,58.4,1571,active
10,40,35,30.0,58.9,748,active
10,53,16,28.9,56.6,1780,active
11,4,27,29.9,65.0,2285,active
11,7,7,28.7,60.1,1296,active
11,18,42,28.5,52.5,1819,active
11,29,12,26.3,64.0,1198,active
11,43,40,30.9,56.7,1646,active
11,47,23,30.4,51.9,1039,eating
12,0,42,26.9,64.4,909,active
12,6,5,29.3,69.1,1424,active
12,18,49,27.7,58.2,1277,active
12,33,3,28.9,60.8,2275,eating
12,41,51,28.2,60.8,1793,active
12,46,40,30.3,58.3,1272,eating
13,2,5,25.1,64.0,2140,active
13,9,28,27.5,66.7,2032,active
13,19,49,28.9,57.9,1740,active
13,32,58,29.0,55.8,1790,active
13,40,3,29.8,63.7,1707,active
13,50,49,29.0,58.4,897,active
14,0,32,29.2,62.5,844,eating
14,14,21,29.0,52.3,1314,active
14,22,27,25.8,55.4,1486,active
14,31,34,28.6,62.8,2551,active
14,37,23,27.2,58.1,2439,active
14,50,32,29.1,61.9,2000,active
15,1,33,27.4,69.6,924,eating
15,9,49,26.7,65.4,1702,eating
15,21,31,25.0,61.6,1249,eating
15,28,18,26.9,66.6,1084,active
15,39,26,34.6,62.6,1691,active
15,46,40,28.1,53.3,1904,active
16,4,9,26.1,63.7,1546,active
16,7,4,26.7,56.3,1734,active
16,19,14,29.7,57.6,918,eating
16,34,23,25.7,65.7,1813,eating
16,37,51,27.8,64.8,2055,eating
16,54,38,26.0,64.1,1769,active
17,0,7,33.6,53.0,1610,active
17,13,18,30.8,61.6,2248,active
17,22,30,26.0,59.2,2092,active
17,28,19,31.6,58.7,2049,eating
17,39,1,29.0,60.7,1244,active
17,50,35,26.3,57.4,1334,active
18,3,17,30.4,59.8,1559,eating
18,7,56,29.4,56.7,1106,active
18,19,40,27.5,57.4,1453,active
18,30,21,30.0,54.9,1314,active
18,42,41,29.5,54.1,919,eating
18,49,29,27.9,55.9,1858,active
19,0,48,31.2,58.7,1974,eating
19,14,10,29.5,53.6,2700,eating
19,16,24,30.4,54.8,1022,active
19,30,47,31.7,58.6,840,active
19,37,44,26.1,59.0,2203,eating
19,50,59,31.1,58.5,1849,active
20,1,43,25.8,59.7,1636,active
20,8,21,26.6,56.4,1618,active
20,17,1,28.0,60.8,1526,active
20,26,52,26.7,54.0,1295,eating
20,38,56,28.4,58.3,1892,active
20,46,32,30.1,59.9,1798,active
21,4,35,25.0,63.4,2235,sleeping
21,12,58,27.0,57.7,1530,sleeping
21,19,25,26.6,66.6,2009,sleeping
21,30,19,27.4,63.3,1480,sleeping
21,44,53,28.0,62.7,2403,active
21,50,13,26.3,50.0,2055,active
22,2,10,28.4,60.5,2659,active
22,11,39,28.7,56.6,1850,sleeping
22,18,11,28.2,52.6,2625,sleeping
22,32,31,28.9,58.4,1880,sleeping
22,38,28,27.5,58.3,1454,sleeping
22,52,18,28.0,64.9,1781,sleeping
23,0,20,33.0,62.3,2047,sleeping
23,14,56,29.4,58.6,1376,sleeping
23,24,43,27.0,55.9,1364,sleeping
23,28,14,26.8,55.4,1943,sleeping
23,41,5,27.6,58.2,1326,sleeping
23,52,27,28.8,54.7,1406,active
0,4,25,26.8,58.8,700,sleeping
0,14,44,26.9,64.7,2523,active
0,17,9,29.2,58.5,1368,sleeping
0,33,58,31.7,56.6,1586,sleeping
0,37,5,25.7,53.8,1848,active
0,53,25,25.0,63.8,1321,active
1,4,18,29.1,58.5,1280,sleeping
1,10,27,26.6,60.3,1526,sleeping
1,21,13,29.7,60.7,2086,sleeping
1,30,22,26.0,56.4,2352,active
1,36,40,29.9,50.9,1931,active
1,48,19,28.9,60.6,1717,sleeping
2,4,35,31.9,60.8,1880,active
2,12,3,28.6,70.0,1969,sleeping
2,17,34,29.4,55.0,913,sleeping
2,27,50,26.7,57.9,2066,active
2,36,22,28.8,62.9,1826,sleeping
2,52,48,25.0,55.3,869,active
3,0,39,27.8,69.7,2125,active
3,14,48,25.0,61.0,1793,active
3,21,34,29.7,57.0,920,active
3,28,32,27.9,55.1,1391,sleeping
3,38,5,29.9,50.1,1621,active
3,53,14,27.8,56.1,730,sleeping
4,0,29,29.4,59.6,1697,sleeping
4,10,15,27.2,58.1,1495,sleeping
4,17,27,29.8,59.1,1861,sleeping
4,26,52,26.4,58.1,757,active
4,41,4,29.4,56.1,1290,sleeping
4,51,31,29.8,55.6,2165,active
5,0,25,27.2,66.6,1135,active
5,14,22,26.4,67.4,1230,active
5,21,49,29.4,60.4,2385,active
5,29,22,25.7,55.0,1695,active
5,36,35,27.8,64.6,1081,sleeping
5,48,8,26.9,63.1,1473,sleeping
6,1,20,28.3,58.9,2508,eating
6,9,41,25.0,63.8,1191,eating
6,19,9,26.2,60.3,1917,eating
6,34,56,26.7,57.7,1083,eating
6,44,27,31.0,57.3,2319,eating
6,52,44,25.9,57.5,1177,active
7,0,56,26.9,64.0,2238,active
7,8,55,27.4,62.0,852,eating
7,22,17,31.2,58.7,2289,active
7,32,37,31.4,59.4,1833,active
7,41,10,26.5,55.6,1064,eating
7,46,49,27.4,59.5,1356,eating
8,0,24,29.4,55.3,1624,eating
8,6,54,29.2,67.7,1719,active
8,18,49,32.6,56.9,1453,active
8,34,36,27.9,61.9,1568,eating
8,41,12,26.8,62.6,874,eating
8,47,10,27.0,57.8,1185,eating
9,4,3,27.3,61.2,1765,eating
9,10,31,25.8,69.3,2062,eating
9,24,29,25.9,55.7,1321,eating
9,34,43,28.3,57.5,1166,eating
9,38,12,29.0,53.9,2326,eating
9,47,11,26.4,68.2,1910,eating
10,0,42,26.4,56.4,1942,active
10,10,33,27.3,62.4,1955,active
10,23,38,28.9,60.4,983,eating
10,28,54,28.3,64.2,1609,active
10,37,20,28.7,54.5,1971,active
10,53,19,33.6,65.4,1616,active
11,1,56,27.2,59.4,2291,active
11,8,13,27.4,56.3,1957,active
11,19,47,25.8,55.5,1484,active
11,34,54,27.3,56.3,1078,active
11,40,40,32.3,55.8,1700,eating
11,50,14,25.0,55.9,1534,active
12,2,56,29.0,61.7,1415,active
12,9,58,29.1,61.9,1850,active
12,23,31,30.1,61.2,1158,active
12,33,38,27.1,56.8,1450,active
12,37,34,28.7,62.0,1299,active
12,46,57,27.3,62.4,1405,active
13,4,15,32.7,63.6,1378,eating
13,11,48,27.3,57.1,1840,active
13,20,42,30.8,60.2,1985,active
13,32,49,25.6,56.9,1650,active
13,42,28,25.6,58.9,2030,active
13,48,14,29.8,53.9,1865,active
14,2,4,26.3,62.6,1509,active
14,7,25,27.6,59.4,1880,active
14,17,8,28.1,62.4,1318,active
14,34,57,32.1,55.0,1106,active
14,37,29,28.7,62.6,2039,active
14,46,36,25.0,54.5,1677,active
15,0,46,27.3,65.3,1901,active
15,12,2,31.1,64.0,1350,eating
15,21,6,27.5,52.1,1735,active
15,34,14,28.5,64.8,1376,active
15,36,44,26.9,62.6,1741,active
15,49,11,31.5,62.8,2008,active
16,2,25,26.4,65.2,1699,active
16,11,39,30.8,64.2,1887,active
16,23,59,28.5,59.6,914,active
16,30,7,25.0,62.4,726,active
16,41,7,28.2,58.1,1830,active
16,54,2,26.2,57.1,1954,active
17,1,58,28.8,55.6,1618,active
17,13,45,26.2,61.0,2100,active
17,24,28,27.6,66.3,1380,eating
17,31,34,27.8,66.8,700,active
17,39,38,34.4,62.4,2260,eating
17,52,18,26.2,58.8,773,eating
18,3,30,29.0,63.3,2685,eating
18,9,3,27.0,61.2,1816,active
18,18,15,27.3,61.5,1519,active
18,31,59,27.9,55.0,1298,active
18,38,30,27.6,56.1,1696,active
18,47,50,28.9,64.3,1266,active
19,0,11,28.6,63.0,1893,active
19,9,9,27.4,60.9,1633,active
19,17,59,28.4,54.9,1640,active
19,26,56,28.7,54.9,1187,active
19,42,6,25.9,57.1,1074,active
19,51,8,27.5,66.6,1335,active
20,0,15,29.9,62.3,2311,eating
20,13,7,30.8,65.9,1789,active
20,22,55,26.8,63.3,2343,eating
20,26,56,25.0,55.8,1760,eating
20,44,16,26.4,58.0,1915,active
20,53,37,30.3,57.3,2083,eating
21,2,12,25.0,56.3,852,active
21,10,13,26.1,55.1,2657,sleeping
21,20,32,27.9,54.9,1175,sleeping
21,32,31,30.2,60.6,1460,active
21,43,15,25.9,64.4,1750,active
21,54,34,26.2,65.2,1375,sleeping
22,1,53,31.0,60.9,1374,sleeping
22,14,56,27.2,63.1,700,sleeping
22,20,29,30.2,56.1,2477,sleeping
22,32,42,25.0,59.5,2057,active
22,36,41,28.4,61.2,1895,sleeping
22,51,38,26.4,57.4,1968,sleeping
23,4,41,30.4,59.0,1018,active
23,10,43,26.1,61.7,949,sleeping
23,16,31,27.6,57.8,1719,sleeping
23,30,59,29.2,62.6,1803,sleeping
23,39,42,27.9,57.2,1830,sleeping
23,50,40,28.2,56.8,1751,sleeping
0,3,8,27.1,59.9,1052,sleeping
0,12,38,26.0,63.0,1653,sleeping
0,22,32,29.7,65.9,1646,sleeping
0,28,20,25.4,61.7,751,active
0,44,29,29.2,58.2,1771,sleeping
0,48,55,28.4,57.6,1773,sleeping
1,3,21,25.0,57.0,996,sleeping
1,11,13,32.1,58.1,2020,active
1,23,41,25.2,62.8,1452,active
1,33,33,29.4,59.4,1778,sleeping
1,38,55,27.9,56.0,1617,sleeping
1,49,33,25.8,61.8,1566,sleeping
2,0,49,27.1,56.7,1205,sleeping
2,12,9,25.4,66.0,1955,sleeping
2,16,37,29.6,61.1,1905,sleeping
2,26,35,30.8,60.7,1304,sleeping
2,39,14,31.0,61.0,1632,sleeping
2,53,27,30.7,58.8,2429,active
3,0,52,29.4,66.9,1449,sleeping
3,7,15,27.1,61.3,954,sleeping
3,17,33,27.5,59.8,1043,sleeping
3,34,4,25.0,58.8,700,sleeping
3,36,56,26.9,61.7,1533,sleeping
3,53,46,28.9,61.5,2493,active
4,0,57,25.0,61.7,1581,active
4,12,35,28.2,60.7,1368,sleeping
4,18,27,27.3,60.4,1806,sleeping
4,28,12,27.1,62.9,989,active
4,43,49,31.7,63.0,2558,active
4,50,3,27.4,62.4,1545,sleeping
5,4,49,25.0,51.3,1912,sleeping
5,9,49,28.4,65.0,1443,sleeping
5,24,6,29.9,61.6,1416,sleeping
5,27,37,30.1,62.4,2444,sleeping
5,38,2,26.8,64.5,765,sleeping
5,52,23,30.1,58.9,1753,sleeping
6,0,56,27.2,65.8,1052,eating
6,14,55,26.7,56.7,866,active
6,20,40,25.0,62.6,700,eating
6,28,25,26.8,69.2,2401,active
6,44,54,26.6,59.8,1066,eating
6,52,29,25.0,57.5,1967,eating
7,4,37,27.6,56.7,1868,eating
7,10,45,28.4,60.5,1515,eating
7,23,1,29.6,64.2,1773,eating
7,33,33,27.0,56.7,1873,eating
7,42,41,29.4,65.7,700,eating
7,54,12,32.5,63.2,2277,eating
8,2,6,26.4,66.9,1198,eating
8,10,57,25.5,60.1,1170,eating
8,22,18,28.8,64.3,947,eating
8,26,40,27.9,53.8,1612,eating
8,36,33,28.8,64.4,1871,eating
8,51,28,26.3,55.8,1904,eating
9,0,44,30.1,58.0,1288,active
9,7,50,26.8,54.7,2139,eating
9,20,53,27.4,58.0,1586,eating
9,28,33,31.1,59.0,1782,eating
9,39,25,26.1,61.0,700,active
9,47,27,31.6,62.1,1029,active
10,0,19,27.3,66.1,1438,eating
10,12,34,25.1,52.2,1412,active
10,23,25,26.9,59.7,1630,active
10,31,53,25.0,55.0,2007,active
10,40,21,26.3,62.2,1279,active
10,49,17,29.2,57.7,2700,active
11,0,36,25.5,59.5,2092,eating
11,6,18,30.4,62.9,1551,active
11,24,44,28.5,55.8,895,eating
11,28,18,25.3,60.6,2457,active
11,44,47,29.3,60.5,2147,eating
11,47,10,28.2,60.3,1440,active
12,0,48,26.0,60.2,1798,active
12,12,26,28.5,63.6,1512,active
12,16,12,31.4,57.5,1797,eating
12,32,55,28.5,50.0,700,active
12,40,56,27.7,63.2,1837,active
12,47,53,30.5,60.3,1175,active
13,4,27,27.8,56.0,2171,active
13,11,18,29.3,64.6,2425,active
13,24,9,27.6,55.1,1987,active
13,33,23,27.8,61.1,2010,active
13,40,6,29.0,60.4,2045,eating
13,52,28,29.4,63.1,2550,eating
14,0,36,27.0,62.3,700,eating
14,9,8,28.8,64.5,948,active
14,20,33,27.6,64.3,700,active
14,33,8,27.8,56.9,1236,active
14,42,48,29.5,61.7,2700,eating
14,46,34,33.5,60.0,1396,active
15,0,8,25.9,56.3,2251,eating
15,9,23,31.1,61.2,2437,active
15,20,34,28.7,57.5,1997,active
15,28,46,29.0,59.4,1715,active
15,38,52,26.6,59.6,1213,active
15,47,42,28.2,62.6,1380,active
16,1,54,28.4,65.8,2123,active
16,8,35,27.7,54.9,1559,active
16,22,20,27.6,59.3,2445,active
16,27,14,25.2,54.4,2203,eating
16,41,22,30.2,60.1,969,active
16,46,6,29.3,52.0,1389,active
17,4,38,29.4,64.4,1917,active
17,8,38,31.8,60.6,1728,active
17,24,18,28.1,58.3,1425,active
17,28,57,29.1,65.9,1756,eating
17,37,2,30.7,52.8,1247,active
17,46,25,25.4,56.2,888,active
18,0,2,27.0,66.2,1638,active
18,13,55,29.5,61.2,1322,active
18,17,27,26.4,55.0,1373,active
18,34,44,28.8,54.0,2124,eating
18,41,34,28.1,61.6,1824,active
18,47,1,30.5,56.4,1272,active
19,0,17,26.1,58.3,1671,active
19,7,41,30.7,57.0,1783,active
19,20,44,25.0,57.2,1094,eating
19,28,47,29.8,67.8,1161,eating
19,41,33,25.5,57.2,1548,active
19,50,48,30.5,56.0,1632,active
20,0,47,32.1,60.3,1342,active
20,9,21,26.3,55.2,1560,active
20,23,46,29.4,59.8,1454,active
20,27,38,31.0,62.2,1752,active
20,41,28,25.0,58.1,1327,eating
20,54,36,26.6,54.2,1860,eating
21,4,35,25.9,55.1,1750,sleeping
21,9,25,25.7,58.8,2035,active
21,20,50,29.4,57.0,2700,sleeping
21,27,42,31.0,56.4,1543,sleeping
21,41,6,30.3,55.5,1152,active
21,54,59,26.8,63.5,2108,sleeping
22,0,50,26.8,68.1,965,sleeping
22,8,22,29.7,60.4,1519,sleeping
22,21,26,30.9,59.6,1499,sleeping
22,34,57,29.2,61.7,1131,sleeping
22,38,55,29.2,56.5,2026,active
22,53,27,26.3,61.3,1434,sleeping
23,1,1,30.7,62.0,1665,sleeping
23,9,52,28.4,53.8,1457,sleeping
23,22,36,30.3,57.9,1642,sleeping
23,31,55,28.7,55.7,1885,sleeping
23,41,32,29.5,59.0,2469,sleeping
23,47,50,31.4,56.8,1776,sleeping
0,3,9,29.1,64.6,2210,sleeping
0,6,13,30.9,68.1,1295,active
0,23,23,29.6,55.4,2381,sleeping
0,32,25,26.7,69.8,2198,active
0,37,12,27.2,63.4,991,sleeping
0,52,45,29.5,52.5,1656,sleeping
1,1,31,27.1,55.3,2070,sleeping
1,14,32,30.1,59.3,1654,active
1,24,16,26.1,62.0,927,active
1,30,56,27.5,63.3,1405,sleeping
1,37,2,27.1,59.9,857,active
1,46,42,25.0,50.0,2298,active
2,0,53,30.2,61.6,1661,sleeping
2,12,19,26.4,68.2,1967,active
2,17,29,27.6,56.0,1185,sleeping
2,29,51,25.0,55.3,1200,sleeping
2,37,18,27.4,59.3,1343,sleeping
2,47,8,26.5,65.8,1928,sleeping
3,0,36,26.2,57.1,1218,sleeping
3,13,10,27.8,60.7,1264,sleeping
3,17,13,28.9,62.5,1904,sleeping
3,30,47,29.9,63.8,1983,sleeping
3,39,25,25.8,58.1,2113,sleeping
3,49,50,29.2,66.6,1437,active
4,0,8,31.4,61.6,939,sleeping
4,12,30,27.5,56.4,1487,sleeping
4,19,54,27.3,65.0,1420,sleeping
4,29,47,26.3,66.9,1971,sleeping
4,36,30,28.0,58.5,700,active
4,54,58,27.1,60.2,1248,sleeping
5,0,1,29.1,55.1,1999,sleeping
5,6,25,25.0,55.0,2522,sleeping
5,19,54,30.9,61.1,1850,active
5,26,5,25.6,55.7,1678,sleeping
5,42,54,26.2,58.0,1710,sleeping
5,50,15,27.6,65.2,1494,sleeping
6,0,33,27.1,52.2,1769,active
6,6,41,26.4,58.3,1373,eating
6,18,44,28.5,57.9,1636,eating
6,34,56,25.6,66.0,1817,eating
6,41,58,29.2,51.4,1780,eating
6,51,23,27.6,52.0,788,eating
7,4,3,26.7,51.0,2041,eating
7,12,19,26.8,53.8,2244,active
7,22,36,27.3,60.2,1425,eating
7,34,27,27.4,64.2,2025,eating
7,38,15,25.5,57.4,860,eating
7,52,4,32.2,64.4,746,eating
8,2,57,30.1,66.4,1988,active
8,8,39,27.0,62.4,1931,eating
8,19,45,26.5,62.2,2337,active
8,28,9,30.7,68.0,1499,active
8,42,13,28.0,62.3,2089,active
8,46,47,28.2,65.4,1679,active
9,3,34,31.0,60.9,1369,active
9,9,53,29.0,62.0,1735,eating
9,19,27,28.1,59.7,1223,eating
9,26,10,30.3,59.2,1132,active
9,42,21,26.8,54.3,1732,active
9,52,8,28.4,56.8,1558,eating
10,0,27,26.2,53.9,1268,active
10,11,27,27.0,56.3,718,active
10,23,3,32.8,59.3,2407,active
10,30,40,30.2,63.6,789,active
10,43,16,30.1,67.4,1754,active
10,54,38,28.5,57.6,1908,active
11,0,41,31.3,58.6,1903,active
11,10,37,29.6,59.5,1609,active
11,22,23,26.9,54.1,1370,active
11,33,30,26.3,63.0,1999,active
11,42,17,29.2,53.8,1897,active
11,49,53,29.5,54.1,2107,active
12,0,3,30.6,58.6,2283,active
12,7,39,25.0,57.9,1776,active
12,19,24,27.2,59.3,2453,active
12,28,36,28.1,60.9,1516,active
12,38,34,27.8,66.3,2700,eating
12,53,3,31.9,65.6,1469,active
13,0,26,31.1,57.0,752,active
13,14,35,30.3,63.4,1760,active
13,24,4,28.4,69.2,867,active
13,26,18,29.2,54.2,1235,eating
13,41,31,31.1,61.2,700,active
13,52,59,28.8,60.8,2508,eating
14,3,53,32.3,61.0,1198,active
14,9,42,29.6,56.3,1450,active
14,16,24,26.9,52.9,2700,active
14,30,32,27.6,66.5,1446,eating
14,39,24,28.8,53.0,764,eating
14,52,31,31.6,61.6,860,active
15,1,44,26.4,57.1,1200,active
15,11,31,27.2,67.3,1054,active
15,19,20,30.3,67.9,881,eating
15,34,55,25.0,61.7,1271,active
15,43,10,26.5,60.1,1721,active
15,53,21,28.3,64.1,1536,active
16,0,51,28.8,57.3,1393,active
16,13,22,30.8,62.1,1398,eating
16,18,38,28.7,65.2,831,active
16,28,43,28.0,53.9,2085,active
16,39,7,27.8,61.3,1100,active
16,47,27,28.2,63.3,1025,active
17,0,24,27.0,55.7,2082,active
17,11,57,25.0,59.2,1103,active
17,17,3,26.8,52.6,2700,eating
17,32,44,25.5,58.4,1619,active
17,43,1,28.1,59.1,1434,active
17,48,15,26.5,64.7,700,active
18,0,10,29.7,53.1,1246,active
18,8,32,25.1,51.5,2330,active
18,20,38,30.6,53.3,1854,eating
18,29,27,27.5,64.4,2308,active
18,41,48,27.7,61.9,2221,eating
18,51,12,28.5,62.8,1409,active
19,0,39,26.2,55.7,762,active
19,9,25,25.8,60.9,1295,active
19,21,0,25.3,61.2,2306,eating
19,34,36,25.0,60.1,1634,active
19,40,20,25.6,61.9,1280,active
19,46,51,26.8,59.6,2088,eating
20,2,34,29.3,60.2,1632,active
20,8,49,25.0,59.9,1780,eating
20,23,58,27.6,57.4,1660,active
20,34,38,26.5,61.5,2053,active
20,40,57,26.7,63.0,2512,active
20,54,59,27.8,63.2,1408,active
21,0,37,32.3,60.8,2501,sleeping
21,6,50,28.5,60.4,700,active
21,23,32,31.5,62.4,1326,active
21,27,39,25.9,53.4,2610,sleeping
21,40,54,25.1,55.4,1806,sleeping
21,53,56,26.7,56.5,2062,active
22,1,45,26.5,63.8,1487,sleeping
22,11,22,26.9,63.3,1657,sleeping
22,20,58,26.9,57.4,2334,sleeping
22,27,49,28.1,58.2,1614,sleeping
22,36,51,27.3,62.1,843,sleeping
22,48,59,26.5,58.3,949,active
23,0,38,29.5,62.5,1910,sleeping
23,7,53,28.1,64.2,1799,sleeping
23,17,52,28.1,51.7,1351,active
23,28,22,26.8,59.2,1590,sleeping
23,42,4,27.7,55.2,2663,sleeping
23,49,21,27.6,62.1,1343,sleeping
0,0,51,25.0,64.2,841,sleeping
0,7,2,27.9,52.4,2503,sleeping
0,17,46,28.3,56.9,700,sleeping
0,31,51,29.6,54.4,1301,sleeping
0,44,2,28.5,54.1,1938,active
0,48,6,27.7,58.5,1397,sleeping
1,0,2,30.3,68.2,1217,sleeping
1,6,53,28.1,61.7,1817,sleeping
1,23,56,29.9,52.6,705,sleeping
1,30,44,28.8,56.7,1456,sleeping
1,43,9,29.6,56.5,1826,sleeping
1,50,20,29.3,61.0,1570,sleeping
2,0,26,29.0,53.5,1908,sleeping
2,14,56,26.7,58.1,1358,sleeping
2,16,5,25.3,57.1,1030,active
2,29,36,26.6,57.6,2264,sleeping
2,42,25,27.4,57.7,772,sleeping
2,51,36,25.5,52.8,1683,sleeping
3,1,44,28.4,57.9,856,active
3,7,44,29.1,53.8,2330,sleeping
3,18,45,30.6,59.5,1641,sleeping
3,29,31,27.8,63.9,1340,sleeping
3,36,10,27.1,62.7,2087,sleeping
3,50,0,28.6,56.0,1485,sleeping
4,3,58,29.0,62.3,1568,sleeping
4,8,13,26.6,61.7,1030,sleeping
4,20,18,25.0,56.0,2039,active
4,28,7,26.9,61.4,1379,sleeping
4,40,33,25.6,56.7,2307,active
4,54,48,28.4,67.7,1173,sleeping
5,4,30,27.8,60.4,1249,sleeping
5,7,13,30.8,55.4,1708,active
5,16,34,31.1,61.1,1383,active
5,27,15,26.1,56.6,2118,sleeping
5,42,2,29.2,68.2,969,active
5,47,1,26.9,59.3,742,active
6,0,22,27.4,66.6,1183,active
6,12,16,28.6,57.7,790,active
6,18,30,29.3,59.7,1164,eating
6,33,36,27.2,63.5,1419,eating
6,43,26,27.8,66.6,1684,active
6,50,17,29.2,60.6,2061,eating
7,0,18,28.1,56.4,1655,eating
7,14,32,28.9,55.7,1949,eating
7,21,56,26.5,59.6,885,active
7,29,34,27.0,55.4,2101,active
7,44,12,27.1,64.2,2246,active
7,49,52,29.8,61.1,2331,active
8,0,52,27.5,60.6,1374,eating
8,6,6,26.8,58.3,2292,eating
8,18,42,30.1,57.8,2298,active
8,28,15,27.4,56.9,1378,eating
8,39,38,27.4,52.1,1745,eating
8,51,9,26.2,64.8,1175,eating
9,0,33,29.1,61.5,700,active
9,8,9,31.9,64.9,725,active
9,21,41,25.4,60.8,2280,active
9,31,50,27.2,60.6,929,eating
9,37,41,29.8,53.3,1160,eating
9,52,35,33.4,61.9,929,eating
10,3,1,26.6,60.5,1134,active
10,9,12,31.1,66.2,2201,active
10,22,4,27.5,54.5,2173,active
10,29,33,26.5,63.0,1674,active
10,39,5,27.7,59.1,2114,eating
10,47,6,28.0,62.9,1456,active
11,3,29,33.1,64.2,2086,active
11,10,55,28.2,59.4,2199,active
11,18,34,27.4,55.1,1880,active
11,28,52,28.8,58.0,1343,active
11,43,38,29.1,61.9,1761,active
11,50,46,27.5,59.8,1979,active
12,0,29,29.6,60.0,1886,active
12,9,7,27.0,61.9,1257,active
12,23,39,28.5,60.1,1631,active
12,26,31,29.3,64.5,1536,active
12,37,43,25.0,62.8,1077,active
12,54,33,29.3,66.0,913,active
13,2,27,31.2,70.0,1332,eating
13,9,21,29.8,64.9,2700,active
13,16,44,28.4,61.1,2700,active
13,30,2,27.6,65.6,1907,active
13,42,49,28.4,59.0,1452,active
13,47,52,29.1,61.2,1577,active
14,4,11,27.2,63.0,2022,active
14,8,6,26.3,63.3,1831,active
14,23,38,25.0,65.0,1718,active
14,27,53,25.2,56.7,700,active
14,39,48,28.0,58.9,1914,active
14,47,44,25.0,63.3,2488,eating
15,0,39,29.2,65.6,2330,active
15,8,26,28.1,65.5,1427,active
15,22,28,27.0,60.5,2410,active
15,27,10,27.4,61.8,1329,active
15,41,49,31.2,57.4,1024,eating
15,47,52,28.8,65.4,1009,active
16,1,11,28.8,57.7,1023,active
16,11,42,30.5,54.5,2279,active
16,24,44,30.2,59.9,1299,active
16,28,45,25.0,57.9,2235,eating
16,42,41,26.5,55.4,774,active
16,54,10,28.1,63.8,895,active
17,0,53,28.3,55.3,2216,active
17,12,6,25.0,56.1,1269,active
17,21,35,27.1,57.2,700,active
17,34,22,27.7,64.3,909,active
17,38,44,25.0,59.3,1249,active
17,47,12,30.9,56.4,2079,eating
18,0,43,28.7,64.1,1684,active
18,11,52,31.1,61.2,1967,eating
18,17,18,25.0,62.8,1220,eating
18,33,36,32.2,57.9,1573,active
18,36,10,30.7,67.6,1204,active
18,47,47,30.1,50.0,1242,active
19,0,2,25.2,55.6,981,active
19,7,34,26.2,57.7,1274,active
19,21,13,26.2,64.9,1511,active
19,30,1,26.1,58.8,1135,active
19,38,58,29.0,60.2,1847,active
19,53,21,28.2,55.7,721,active
20,4,4,29.0,59.6,2186,active
20,12,21,26.4,59.6,1912,active
20,19,12,27.5,58.1,987,active
20,30,0,30.2,64.1,1328,active
20,42,21,29.1,64.3,1386,active
20,53,38,26.3,57.9,1199,active
21,1,49,28.9,56.3,1826,sleeping
21,6,23,27.7,50.6,700,sleeping
21,21,43,28.0,53.0,1945,active
21,32,36,28.1,63.4,1787,sleeping
21,41,54,31.2,59.6,700,active
21,50,41,27.3,70.0,1356,active
22,2,53,28.9,52.2,1901,active
22,14,53,26.9,60.4,977,active
22,19,15,25.4,60.9,1709,sleeping
22,34,39,30.4,58.1,968,active
22,37,46,26.3,57.6,1829,sleeping
22,48,54,32.0,58.7,1421,active
23,2,51,25.3,54.1,1344,sleeping
23,6,12,27.3,55.1,2700,active
23,16,10,25.0,56.4,700,active
23,32,21,27.8,64.9,1621,sleeping
23,36,45,26.6,69.7,700,active
23,50,26,28.8,62.3,1379,sleeping
0,0,6,28.1,54.1,1411,sleeping
0,11,50,27.4,61.4,700,active
0,21,54,25.4,50.8,1069,active
0,32,1,29.2,60.1,1446,sleeping
0,43,33,30.9,66.5,1746,active
0,53,43,26.2,57.4,1167,sleeping
1,4,40,28.6,61.0,1611,sleeping
1,12,32,25.0,51.5,1616,sleeping
1,23,28,25.1,57.8,700,active
1,27,41,26.9,59.1,1282,sleeping
1,41,9,27.7,56.8,1458,sleeping
1,52,56,25.2,56.9,1803,sleeping
2,3,28,27.8,64.8,2080,active
2,7,20,29.4,56.6,1570,sleeping
2,24,48,26.6,60.0,1805,sleeping
2,28,17,25.5,60.5,1398,active
2,36,30,29.1,64.5,1577,sleeping
2,46,7,30.2,54.5,2379,active
3,2,19,29.6,64.8,1660,sleeping
3,7,31,28.9,52.8,1504,sleeping
3,18,11,28.7,55.0,1926,sleeping
3,28,35,28.0,59.2,1542,sleeping
3,38,20,28.5,54.2,1649,active
3,47,12,28.8,63.8,1390,sleeping
4,0,47,29.8,57.5,1550,sleeping
4,13,5,26.4,59.2,1936,sleeping
4,16,23,29.1,64.3,1961,sleeping
4,29,36,29.7,63.3,1991,sleeping
4,36,39,26.5,65.2,1302,sleeping
4,54,14,30.1,53.8,2153,sleeping
5,2,0,29.7,65.9,1877,active
5,8,43,27.4,54.9,1384,sleeping
5,21,16,25.4,67.7,2078,sleeping
5,26,7,30.4,54.3,1527,sleeping
5,41,6,27.5,58.8,2050,active
5,54,9,28.1,59.8,2123,active
6,0,48,27.8,55.9,1053,eating
6,9,28,28.8,54.7,1316,active
6,16,8,26.9,58.2,1466,eating
6,26,0,28.6,59.8,2129,eating
6,40,59,27.5,59.4,2338,eating
6,47,8,30.2,58.3,1462,eating
7,0,24,28.8,56.3,1256,eating
7,6,10,27.4,62.1,2265,eating
7,17,30,30.7,64.9,1007,eating
7,34,50,29.3,66.0,1643,eating
7,36,16,27.7,70.0,1884,active
7,46,23,26.9,58.8,2214,eating
8,4,17,29.7,60.7,1238,eating
8,11,7,28.2,55.7,1994,eating
8,23,47,27.5,58.8,1298,eating
8,32,26,27.2,59.3,1173,eating
8,42,11,25.4,62.1,1502,eating
8,47,58,29.1,62.1,836,eating
9,0,57,28.3,64.0,2233,active
9,9,26,29.2,68.5,1582,eating
9,21,7,27.3,64.8,2589,active
9,26,35,25.0,63.6,1581,active
9,36,5,30.1,64.4,700,active
9,53,37,26.6,64.9,1991,eating
10,2,51,27.1,52.7,1491,eating
10,9,59,25.8,61.0,1508,eating
10,24,53,25.0,56.5,1769,active
10,32,35,31.5,58.2,1369,active
10,38,17,25.3,57.9,1428,active
10,46,50,27.4,57.3,1925,active
11,0,8,28.4,62.6,700,active
11,12,26,28.7,64.0,1901,active
11,19,46,25.8,57.5,875,active
11,29,14,26.6,61.8,1423,active
11,41,22,30.6,60.6,2351,active
11,52,40,25.0,65.6,2226,eating
12,3,3,25.4,66.9,1204,active
12,7,38,31.0,64.7,2392,active
12,23,2,26.9,59.0,1265,active
12,28,48,29.8,64.5,1253,active
12,40,51,30.1,60.4,2133,active
12,49,26,27.6,60.0,1718,active
13,0,37,31.3,57.5,2259,active
13,7,54,25.0,55.8,1831,eating
13,20,59,28.8,65.0,1276,active
13,33,21,29.4,65.8,2700,active
13,42,56,25.4,54.5,1518,eating
13,49,43,31.5,65.1,2045,active
14,1,13,28.0,64.5,1455,active
14,7,20,27.8,57.3,1181,active
14,19,14,29.4,57.3,1599,active
14,30,27,25.0,61.9,700,active
14,39,9,29.7,54.2,1561,eating
14,50,42,28.0,60.2,1014,active
15,0,17,29.3,62.5,2098,eating
15,14,25,27.1,58.8,2139,eating
15,19,19,26.6,56.9,1935,active
15,29,12,27.1,59.8,2700,eating
15,43,41,27.2,59.1,2223,active
15,47,22,27.2,63.0,893,active
16,0,31,28.7,55.6,1827,active
16,9,48,29.1,61.9,1572,active
16,24,56,26.9,66.1,1419,eating
16,33,15,28.6,60.6,2574,eating
16,44,39,25.0,64.3,993,eating
16,54,51,26.1,63.8,907,active
17,0,46,30.1,61.3,2027,eating
17,10,41,25.3,59.6,1779,active
17,24,32,29.4,63.6,1199,active
17,31,35,29.3,57.9,1505,active
17,39,8,27.9,64.1,1578,active
17,46,48,28.2,56.8,1492,active
18,0,13,29.6,50.4,1819,eating
18,10,32,26.8,65.1,974,active
18,22,46,25.1,54.4,855,active
18,29,48,26.0,56.3,2700,eating
18,44,57,28.4,60.6,2353,active
18,53,47,30.5,59.3,2633,eating
19,2,4,28.3,56.0,1614,active
19,13,8,27.3,55.6,700,active
19,19,15,27.8,60.4,2412,active
19,26,47,32.6,57.3,1980,eating
19,39,53,27.5,55.6,1063,active
19,46,24,28.8,55.9,1864,active
20,3,24,26.9,57.0,1074,active
20,12,0,30.7,63.4,1713,active
20,21,2,31.0,58.2,1744,eating
20,30,19,29.9,65.4,1439,active
20,41,57,31.3,54.1,891,eating
20,52,21,26.0,61.1,1910,active
21,2,38,29.6,60.4,2454,active
21,13,35,25.0,58.8,1468,active
21,16,39,28.8,66.3,2512,active
21,28,25,29.0,63.8,1745,sleeping
21,44,19,28.5,63.3,1487,sleeping
21,53,45,27.9,68.4,1834,active
22,0,23,29.5,60.5,1529,sleeping
22,9,1,27.5,63.4,2700,sleeping
22,24,18,27.2,55.2,1511,sleeping
22,30,49,28.7,58.3,972,sleeping
22,43,51,25.2,58.8,1617,active
22,51,18,27.6,64.3,2305,active
23,0,18,27.8,63.3,2113,sleeping
23,12,23,26.3,59.3,1847,sleeping
23,24,20,30.2,62.1,1274,sleeping
23,33,22,26.4,59.7,2250,sleeping
23,41,5,25.0,56.8,959,active
23,52,58,28.8,58.2,1564,sleeping
0,0,39,25.0,55.2,1583,sleeping
0,10,23,25.9,63.3,1245,active
0,23,13,25.6,55.2,1815,active
0,29,23,26.7,57.0,1154,sleeping
0,44,55,31.3,60.5,1082,active
0,48,57,30.6,65.3,2700,active
1,2,39,27.6,55.0,700,sleeping
1,9,10,27.6,64.2,2152,sleeping
1,16,58,31.3,62.0,2278,active
1,28,54,26.2,65.3,1577,active
1,36,45,26.7,67.9,2236,active
1,52,57,26.2,63.2,2064,sleeping
2,4,59,25.6,58.8,1717,sleeping
2,9,22,26.6,62.9,1642,sleeping
2,24,32,28.5,57.0,2484,sleeping
2,26,16,27.8,60.3,700,sleeping
2,40,22,27.9,57.1,1745,sleeping
2,53,42,29.1,64.6,1841,sleeping
3,1,55,31.4,56.7,2031,sleeping
3,14,1,25.0,58.2,814,active
3,21,50,26.0,57.5,2439,sleeping
3,26,15,28.0,57.3,2020,active
3,42,26,25.0,60.3,1547,sleeping
3,47,40,28.2,63.7,1965,sleeping
4,2,39,26.2,62.2,1588,sleeping
4,12,14,28.0,62.0,1066,sleeping
4,24,48,25.5,63.3,1250,sleeping
4,26,15,25.0,57.0,1040,sleeping
4,44,6,26.5,64.0,1238,sleeping
4,46,38,28.8,59.4,1690,sleeping
5,1,57,28.6,67.3,2176,active
5,9,4,25.6,57.1,1767,sleeping
5,24,45,25.3,62.2,1116,active
5,27,13,25.0,61.4,1378,sleeping
5,41,50,29.0,60.3,1360,sleeping
5,48,18,31.9,64.1,1238,active
6,1,40,26.3,55.2,1597,eating
6,8,48,26.8,70.0,940,eating
6,20,59,25.4,61.4,2230,eating
6,33,50,28.7,60.7,1681,eating
6,38,6,26.1,62.4,2700,eating
6,53,34,28.8,68.1,839,active
7,4,52,29.1,61.1,2463,eating
7,8,31,28.4,59.0,872,active
7,19,33,27.2,63.5,1673,eating
7,30,46,29.3,52.1,963,eating
7,42,35,27.0,65.2,814,eating
7,51,51,30.2,66.8,1931,eating
8,0,31,26.6,58.4,2063,active
8,9,29,26.8,56.5,2270,eating
8,22,59,27.1,58.2,2593,eating
8,27,26,27.9,65.7,1467,eating
8,40,9,29.3,54.8,1292,eating
8,52,36,26.6,61.5,1823,eating
9,1,51,25.8,57.0,2603,eating
9,8,1,29.1,56.8,1895,eating
9,21,16,28.3,65.8,1878,active
9,28,52,33.6,61.1,1865,active
9,44,31,26.8,57.8,974,active
9,54,44,28.4,65.8,1166,eating
10,0,31,31.0,65.8,936,active
10,7,6,27.6,57.8,2336,active
10,23,22,27.2,57.1,1063,active
10,31,50,29.3,62.0,1587,active
10,39,2,28.4,53.8,1379,active
10,48,1,25.0,59.9,2040,eating
11,1,40,28.4,56.4,2052,active
11,11,33,31.6,59.6,1512,active
11,22,41,26.5,59.3,1931,active
11,31,45,26.1,64.8,1630,active
11,36,57,25.6,62.6,1762,active
11,51,36,26.6,61.4,2700,active
12,0,6,28.8,53.5,1331,eating
12,9,39,31.5,57.8,1209,eating
12,22,30,25.9,58.5,1117,active
12,26,22,27.5,63.5,1653,active
12,42,53,26.3,54.6,1467,active
12,53,25,26.8,57.0,944,active
13,0,28,29.6,57.5,1464,active
13,9,49,27.4,58.9,1781,active
13,17,28,27.3,58.7,2008,eating
13,34,6,30.6,52.0,907,active
13,41,17,29.9,65.4,2294,active
13,52,42,27.1,59.7,2365,active
14,1,43,27.9,65.1,961,active
14,9,8,27.8,62.0,858,active
14,17,54,28.7,63.9,2386,active
14,32,52,27.6,58.8,971,active
14,40,15,25.0,54.6,2012,active
14,51,12,28.7,61.4,1608,active
15,1,4,25.3,61.7,1810,active
15,12,53,30.1,63.7,1366,eating
15,23,8,27.0,58.6,1572,active
15,28,52,27.4,56.5,2137,active
15,38,56,29.0,52.0,758,active
15,54,34,29.9,60.2,917,eating
16,0,16,30.8,63.1,1028,active
16,11,12,29.6,55.5,2005,active
16,16,7,27.9,54.1,1161,active
16,26,59,28.1,67.5,2333,active
16,43,59,28.0,60.2,1263,active
16,54,1,25.0,56.3,2442,active
17,2,16,29.1,58.6,1580,active
17,12,26,28.6,62.6,1856,active
17,24,59,30.9,54.2,756,eating
17,30,34,30.2,56.2,1594,active
17,40,1,27.0,58.9,1570,active
17,53,27,28.3,58.7,1742,active
18,0,11,27.0,59.6,2663,active
18,9,12,28.6,63.3,1124,active
18,22,51,29.3,66.2,1226,active
18,31,49,26.4,65.8,2099,eating
18,38,27,28.6,55.5,2029,active
18,53,54,29.7,56.8,1146,active
19,0,0,30.4,65.6,1319,eating
19,9,10,30.4,64.7,1026,eating
19,24,27,30.8,70.0,933,eating
19,29,55,25.5,70.0,1690,active
19,41,41,25.0,57.4,1605,eating
19,46,39,26.9,60.1,1769,active
20,4,47,30.1,59.6,1585,active
20,10,35,26.0,56.3,1694,active
20,21,22,26.2,65.7,1456,eating
20,34,55,28.0,61.6,1207,active
20,39,43,28.3,61.5,1364,active
20,52,48,27.5,65.8,1806,active
21,0,13,28.0,59.9,1124,sleeping
21,13,25,31.6,57.3,1244,sleeping
21,23,43,31.1,58.2,1021,active
21,32,29,28.5,61.1,1291,sleeping
21,44,58,28.5,61.9,709,active
21,51,1,28.9,61.2,1347,sleeping
22,1,6,29.4,63.0,1082,sleeping
22,13,56,28.8,52.5,1924,active
22,20,54,30.3,62.0,1542,sleeping
22,32,55,26.1,51.7,1419,active
22,44,8,25.0,51.2,1348,active
22,46,44,29.8,69.7,1428,active
23,1,4,26.7,61.5,1811,sleeping
23,6,28,29.8,57.5,1303,sleeping
23,23,39,29.5,60.5,2172,active
23,31,13,29.3,62.4,1428,sleeping
23,38,0,29.4,63.0,1749,sleeping
23,48,1,29.6,60.4,1713,sleeping
0,1,49,25.0,69.0,1299,active
0,12,53,27.1,60.7,791,active
0,19,40,28.8,57.1,1432,sleeping
0,30,47,29.1,59.5,1431,sleeping
0,39,4,28.8,61.6,1301,sleeping
0,50,10,25.0,51.2,1437,active
1,4,19,30.5,61.5,799,active
1,12,20,29.4,55.1,1893,sleeping
1,18,38,28.9,61.6,700,active
1,26,44,30.9,53.9,907,sleeping
1,42,10,28.6,61.2,982,active
1,51,23,27.6,55.7,1720,sleeping
2,0,27,27.6,58.3,2700,sleeping
2,7,29,25.0,65.5,1003,active
2,24,53,26.1,62.8,1206,sleeping
2,29,46,32.4,62.8,1632,active
2,43,19,27.0,52.4,1178,active
2,47,2,25.4,57.2,2253,active
3,0,23,27.1,66.4,1828,sleeping
3,7,47,29.8,62.9,1375,sleeping
3,22,30,28.7,63.1,1397,sleeping
3,30,37,25.9,55.1,2017,active
3,37,31,30.3,60.4,1767,active
3,52,49,27.8,52.1,1785,active
4,3,0,28.6,67.8,1686,sleeping
4,9,9,28.7,56.4,1165,sleeping
4,22,15,28.2,58.6,1224,sleeping
4,26,30,25.6,59.4,1762,active
4,38,6,30.1,63.7,1533,sleeping
4,52,32,27.5,57.8,2152,sleeping
5,0,8,28.8,63.9,1737,sleeping
5,8,29,25.6,64.9,1764,active
5,19,15,25.0,64.2,940,active
5,28,18,28.7,60.9,741,active
5,36,56,29.6,63.0,1424,sleeping
5,54,53,26.3,64.5,1521,sleeping
6,0,29,28.2,62.0,2247,active
6,10,16,25.0,65.9,1435,active
6,18,52,27.8,65.0,1395,eating
6,29,46,28.6,58.8,1778,eating
6,42,10,26.4,66.5,1115,active
6,50,40,31.4,53.0,700,eating
7,0,22,28.7,60.6,862,active
7,10,48,25.3,62.2,1271,active
7,20,8,25.0,65.1,2472,eating
7,32,20,28.0,56.8,1891,eating
7,41,38,26.7,60.8,2003,eating
7,53,18,27.7,60.7,1487,eating
8,0,30,27.0,58.2,2700,eating
8,8,56,29.7,58.5,1981,eating
8,18,21,26.8,63.3,1018,eating
8,33,59,27.4,59.5,909,active
8,44,31,29.1,63.8,1470,eating
8,50,55,25.0,64.5,1243,eating
9,0,54,26.2,69.6,1768,eating
9,7,57,27.0,52.8,1266,active
9,23,50,29.8,57.7,2058,active
9,28,17,29.3,59.2,1973,eating
9,39,22,29.0,58.8,1799,eating
9,53,23,28.4,52.7,700,eating
10,1,35,28.5,56.1,1391,active
10,14,9,26.2,54.6,1589,active
10,17,54,25.8,61.7,2246,active
10,31,14,25.0,57.4,1828,eating
10,37,28,28.3,60.4,1965,active
10,47,9,28.1,66.5,1615,active
11,0,4,30.5,60.6,1426,active
11,10,15,27.0,62.2,1974,active
11,24,56,26.5,61.5,1822,active
11,33,36,27.6,65.7,1884,active
11,36,8,25.0,60.6,2092,eating
11,54,36,25.0,55.2,1808,active
12,0,12,27.6,58.3,1447,active
12,11,40,30.2,67.7,1573,active
12,20,43,27.4,66.8,2254,active
12,30,47,30.7,65.1,2146,active
12,36,23,26.7,63.8,1464,active
12,49,32,27.2,66.7,1362,active
13,0,31,25.0,58.0,1969,active
13,8,25,30.3,66.7,1320,active
13,21,25,29.9,60.5,700,active
13,30,45,25.3,55.2,1424,active
13,40,32,30.5,56.8,1622,active
13,49,13,28.8,52.6,1739,eating
14,1,16,25.3,58.1,714,active
14,6,20,28.6,58.0,2038,active
14,23,55,29.9,56.6,1775,active
14,33,8,28.8,57.8,840,active
14,42,9,30.6,55.6,1318,active
14,48,47,26.7,57.5,1912,active
15,0,43,28.0,55.3,847,active
15,10,10,29.4,59.3,2657,eating
15,21,10,30.1,61.1,814,active
15,30,29,25.0,60.6,1322,eating
15,41,23,25.7,57.8,2021,active
15,52,47,27.4,50.6,919,eating
16,0,53,26.3,58.4,1846,active
16,8,33,25.0,59.7,1951,active
16,19,15,27.6,53.4,1197,active
16,29,24,27.7,60.0,1424,active
16,36,28,28.9,62.0,700,active
16,47,0,28.4,66.5,1376,eating
17,0,47,27.3,52.4,2376,eating
17,8,59,25.0,58.4,885,active
17,18,28,30.5,58.1,2318,eating
17,31,11,28.2,63.9,1126,active
17,40,9,30.3,54.9,1613,eating
17,47,1,26.7,62.9,1456,active
18,0,54,26.7,66.8,1450,active
18,14,55,30.3,56.9,1367,active
18,17,9,28.3,60.0,2038,active
18,28,36,28.3,59.6,1388,active
18,41,21,27.4,60.7,1066,active
18,49,28,26.5,60.7,1117,active
19,2,40,27.9,57.9,1065,active
19,10,19,28.6,62.5,2114,active
19,24,41,31.5,56.3,1562,eating
19,26,5,26.1,56.4,1536,active
19,42,17,28.4,62.1,966,eating
19,46,0,28.2,56.6,1631,active
20,0,26,28.4,68.0,1758,active
20,7,45,27.7,68.6,1201,active
20,24,57,26.7,58.5,1715,active
20,31,35,28.8,60.8,1868,active
20,39,40,28.6,56.7,1198,active
20,46,51,25.8,61.8,2063,eating
21,2,4,25.0,63.3,1008,sleeping
21,12,58,29.5,59.0,1375,sleeping
21,19,10,26.3,59.7,1351,sleeping
21,26,51,27.5,61.9,1820,sleeping
21,37,59,29.6,56.3,2691,sleeping
21,49,23,27.8,57.6,1811,sleeping
22,0,6,29.9,55.7,700,active
22,8,57,26.9,66.1,1893,active
22,19,4,28.2,70.0,1176,sleeping
22,33,50,25.0,59.7,1096,active
22,43,13,31.7,60.5,1939,sleeping
22,50,39,29.8,58.8,2165,active
23,0,55,28.5,57.5,2265,sleeping
23,13,10,28.0,65.5,944,sleeping
23,24,51,29.6,59.8,2120,sleeping
23,26,35,29.9,66.0,2201,sleeping
23,37,24,25.0,69.6,1330,sleeping
23,50,20,26.1,65.9,1951,sleeping
0,0,3,25.8,61.3,915,active
0,9,37,27.7,60.7,1594,sleeping
0,19,4,26.5,55.0,964,active
0,33,5,27.1,66.7,2276,active
0,42,3,28.0,66.6,1014,active
0,50,44,29.3,63.4,1293,sleeping
1,3,39,29.2,53.7,1183,active
1,10,50,27.1,64.1,1392,sleeping
1,16,0,28.6,65.1,1827,active
1,32,18,28.7,53.5,1460,active
1,39,54,27.9,65.9,1430,sleeping
1,53,58,30.9,52.8,2447,sleeping
2,0,58,31.6,62.6,1790,sleeping
2,7,38,30.5,56.9,1699,active
2,19,37,29.8,59.7,1199,sleeping
2,31,55,27.7,57.8,1318,sleeping
2,38,15,27.8,64.4,1678,sleeping
2,49,11,27.6,59.6,2426,active
3,1,36,29.0,65.7,1075,active
3,6,50,30.9,59.8,2226,sleeping
3,19,26,27.2,55.1,1627,sleeping
3,32,58,29.3,60.0,1692,sleeping
3,38,46,29.5,66.1,2587,sleeping
3,48,20,25.0,62.9,1656,active
4,4,34,25.0,57.2,1554,active
4,12,11,27.5,56.8,1139,sleeping
4,20,15,27.9,57.0,2237,sleeping
4,30,32,29.5,59.8,1495,sleeping
4,38,26,27.8,61.0,2032,active
4,51,44,31.7,64.4,1702,sleeping
5,4,56,25.7,63.4,2175,sleeping
5,10,16,28.7,62.2,1394,sleeping
5,20,39,30.2,56.0,2200,sleeping
5,32,39,27.7,64.9,2129,sleeping
5,36,17,25.0,59.1,1101,active
5,54,43,27.3,57.6,859,sleeping
6,0,31,27.7,60.5,1226,eating
6,6,0,30.4,57.8,1218,eating
6,23,14,27.4,57.4,1112,eating
6,26,9,27.8,61.3,1385,eating
6,41,28,28.9,64.1,1863,eating
6,49,17,25.8,57.0,1310,active
7,2,48,29.1,57.0,1521,eating
7,14,52,30.9,56.1,1464,active
7,16,30,28.5,69.2,1591,active
7,32,56,29.4,68.5,1762,eating
7,42,50,27.0,56.8,2700,active
7,49,37,26.4,57.0,2220,eating
8,4,38,25.1,67.2,1834,active
8,10,38,29.6,54.1,2373,active
8,24,2,25.8,63.3,1597,active
8,33,27,29.2,57.6,2384,active
8,38,29,28.5,61.4,889,active
8,46,54,26.9,55.2,2210,eating
9,4,34,30.3,58.8,1021,active
9,13,20,29.3,61.3,2201,eating
9,16,16,25.0,62.5,1459,active
9,26,36,27.1,54.9,2369,active
9,41,7,27.6,61.0,1847,eating
9,52,33,25.0,56.5,2591,eating
10,4,36,26.4,50.0,956,active
10,11,50,30.2,52.1,1652,eating
10,18,56,26.0,59.8,1350,active
10,27,44,28.9,56.3,1041,active
10,41,54,28.6,52.2,998,active
10,49,49,30.5,55.0,1859,active
11,3,54,26.6,57.9,2140,active
11,9,32,25.6,56.5,1866,active
11,16,52,29.9,63.1,2573,eating
11,30,26,26.7,50.0,787,active
11,43,7,25.0,58.2,1729,eating
11,46,18,29.4,58.7,1490,active
12,0,9,29.2,58.6,700,active
12,9,17,28.0,50.0,1584,eating
12,20,51,29.6,62.5,1065,active
12,29,19,25.3,57.9,1707,active
12,40,23,32.4,56.3,1497,active
12,50,18,25.0,59.4,1736,eating
13,0,29,25.0,58.5,2003,eating
13,14,43,28.7,60.8,1541,active
13,17,25,27.6,65.9,769,active
13,29,54,28.9,65.5,1858,eating
13,38,27,27.7,64.2,1076,active
13,51,20,25.7,64.6,1977,active
14,1,9,29.0,62.2,1463,active
14,10,45,28.3,61.6,1054,active
14,20,0,27.5,55.0,1583,active
14,28,35,28.0,56.5,2465,active
14,44,28,28.2,58.6,2505,eating
14,53,22,28.4,60.3,1680,active
15,1,35,26.2,62.4,2004,active
15,13,22,26.2,65.2,1564,active
15,23,57,27.3,57.2,1465,active
15,29,21,26.6,53.1,1802,eating
15,36,8,27.3,57.1,1714,active
15,53,51,29.1,58.3,1859,active
16,1,13,29.3,61.6,1432,active
16,14,47,30.8,61.1,1658,active
16,23,6,28.8,67.3,1466,active
16,30,23,29.3,64.1,2045,active
16,40,49,27.7,62.9,2225,active
16,53,25,27.6,69.6,1003,active
17,4,51,29.6,60.6,1988,active
17,14,24,27.1,63.5,1453,active
17,16,53,27.6,58.6,1082,active
17,29,20,27.9,66.0,1446,active
17,44,11,28.3,61.1,2118,active
17,50,17,25.2,66.1,1494,eating
18,0,56,28.8,55.9,1516,active
18,11,20,27.3,57.7,1415,active
18,19,7,26.1,59.4,2700,active
18,27,4,32.5,59.5,1017,active
18,37,19,28.6,63.1,1489,active
18,48,40,31.7,64.4,962,active
19,2,24,31.9,63.2,1457,active
19,7,14,25.9,60.6,1672,active
19,18,20,28.0,57.4,1362,active
19,31,28,30.3,60.5,1685,eating
19,40,19,30.5,59.8,2518,active
19,47,53,27.7,58.2,1791,active
20,1,38,29.1,68.2,1230,eating
20,9,3,27.5,55.8,1765,active
20,20,32,25.0,58.0,1156,active
20,34,49,28.0,66.0,2009,active
20,43,15,27.9,55.4,1899,active
20,49,8,28.1,58.4,2345,eating
21,0,38,27.9,60.8,1466,sleeping
21,11,59,25.3,58.2,2054,active
21,21,20,28.7,62.1,700,sleeping
21,27,40,25.2,65.3,1254,active
21,40,42,28.6,59.1,2104,active
21,47,50,27.7,61.0,700,active
22,2,11,28.2,60.5,1618,sleeping
22,13,9,25.0,62.7,1701,sleeping
22,21,53,29.3,63.1,700,sleeping
22,34,32,26.5,68.5,935,active
22,41,14,30.4,59.5,1483,sleeping
22,52,41,28.6,62.6,2337,sleeping
23,0,45,30.9,57.2,759,sleeping
23,10,1,28.5,57.8,1783,sleeping
23,24,42,30.9,58.5,1765,sleeping
23,28,2,27.6,63.7,1357,sleeping
23,41,36,28.6,65.2,1051,sleeping
23,50,13,28.4,55.3,1811,sleeping
0,0,57,26.3,64.0,1369,sleeping
0,10,30,26.8,59.3,2350,sleeping
0,18,28,27.2,57.5,2049,active
0,32,7,29.7,59.0,1780,sleeping
0,43,30,28.9,70.0,842,sleeping
0,51,36,26.4,60.7,2368,active
1,0,34,26.4,57.5,1913,sleeping
1,8,5,27.8,62.3,700,active
1,17,40,26.8,58.4,1944,sleeping
1,30,56,25.0,51.1,1047,sleeping
1,44,15,26.2,59.6,1806,sleeping
1,51,31,25.7,65.5,2152,active
2,0,42,29.5,65.4,1002,sleeping
2,13,29,30.1,59.3,1742,active
2,17,7,29.7,55.2,2181,sleeping
2,28,19,31.1,58.9,1395,sleeping
2,42,27,29.2,58.9,2123,sleeping
2,50,18,29.8,62.1,738,sleeping
3,0,8,26.8,58.1,1305,sleeping
3,9,44,28.6,62.4,1592,sleeping
3,20,34,25.5,61.9,1555,active
3,28,20,27.4,57.5,700,active
3,38,24,28.9,63.3,1096,sleeping
3,52,11,29.3,54.5,898,active
4,0,58,25.2,61.4,2377,sleeping
4,10,44,25.9,65.8,1333,active
4,23,13,25.2,64.9,1208,sleeping
4,26,31,28.2,61.4,1404,sleeping
4,38,46,30.1,57.9,1840,active
4,53,10,25.0,63.6,1685,sleeping
5,0,31,30.9,56.8,2043,active
5,12,45,30.1,63.8,1727,active
5,19,19,31.1,58.5,1324,active
5,32,59,32.1,66.6,1884,sleeping
5,44,0,26.0,55.9,1967,sleeping
5,51,9,27.8,59.0,1885,sleeping
6,0,14,26.0,58.8,1493,eating
6,6,49,25.8,58.3,2476,active
6,23,15,26.6,57.2,1727,eating
6,32,45,26.6,56.0,1851,eating
6,38,3,26.4,66.1,1699,active
6,49,5,29.6,54.6,2551,eating
7,0,57,26.5,62.0,2526,active
7,14,54,28.3,65.2,1845,active
7,17,44,27.2,59.0,1848,eating
7,34,37,27.3,57.9,1633,eating
7,40,34,27.2,57.8,700,eating
7,47,4,32.2,59.9,1091,eating
8,0,58,27.0,58.9,2693,active
8,7,15,26.0,58.5,1536,eating
8,23,56,27.7,58.4,1990,eating
8,33,49,29.1,64.0,1806,eating
8,44,8,30.6,54.0,2004,eating
8,54,35,25.8,56.4,1375,active
9,0,48,25.0,60.5,1049,active
9,14,35,29.3,57.7,1489,eating
9,20,52,31.2,60.1,1683,eating
9,26,50,27.9,52.7,971,eating
9,40,29,33.4,54.6,1819,active
9,52,14,25.0,65.0,912,eating
10,0,30,30.8,61.9,1089,eating
10,10,50,27.6,68.1,1952,active
10,17,7,30.9,65.5,1953,active
10,31,5,30.1,55.1,1723,active
10,44,38,28.0,50.0,703,active
10,50,7,28.5,62.2,1241,active
11,2,20,26.5,63.3,1211,active
11,13,32,31.2,53.8,2001,active
11,22,28,29.0,61.8,1583,active
11,33,1,26.9,59.4,1847,active
11,40,53,29.0,60.3,1069,active
11,52,51,29.8,56.3,2230,active
12,4,4,29.3,63.7,1881,active
12,6,33,31.4,59.7,1121,active
12,20,31,28.4,59.8,1519,active
12,27,6,28.1,61.0,2405,active
12,39,22,29.8,55.3,1424,active
12,51,31,30.6,66.4,2111,active
13,2,47,28.8,52.0,2017,active
13,14,49,29.6,61.7,2353,active
13,21,9,25.0,51.6,1377,active
13,27,13,28.6,60.7,1097,active
13,39,43,28.1,56.9,2204,active
13,46,32,29.0,60.8,1707,active
14,2,21,29.3,62.3,1690,active
14,6,55,31.1,57.5,2110,active
14,24,24,29.2,50.0,787,eating
14,27,30,30.3,64.1,956,eating
14,41,43,27.3,56.8,1882,active
14,51,11,32.6,59.7,2100,eating
15,0,43,27.5,63.9,1720,active
15,12,24,28.1,67.7,1497,eating
15,16,58,25.1,67.1,1919,active
15,26,50,26.9,62.9,2700,active
15,42,55,25.0,69.2,802,eating
15,46,2,27.4,56.1,1421,active
16,0,30,25.0,54.7,1686,active
16,8,12,27.1,56.6,1782,active
16,21,41,26.0,65.7,1732,eating
16,29,46,26.7,56.6,1158,active
16,43,26,29.4,55.1,1072,active
16,52,20,25.0,62.7,1807,active
17,2,35,30.1,64.1,700,active
17,8,41,28.7,56.3,1762,active
17,22,31,29.7,65.2,775,active
17,31,10,27.4,58.3,1770,active
17,40,8,28.2,60.1,700,active
17,46,10,29.7,64.2,1775,active
18,4,33,26.5,64.4,1723,active
18,9,21,30.0,56.1,1368,active
18,20,17,28.0,50.5,910,eating
18,30,12,31.2,54.3,1600,eating
18,42,5,29.9,55.0,1219,active
18,49,11,29.6,60.2,1974,active
19,3,53,31.8,62.9,1952,active
19,11,38,28.9,59.2,1779,active
19,17,57,27.8,59.8,2245,active
19,30,59,31.4,64.0,2700,active
19,41,57,25.4,56.8,1766,active
19,49,26,25.5,53.6,700,active
20,1,31,25.0,55.6,722,eating
20,13,32,25.7,56.7,2116,eating
20,19,28,28.2,64.7,2088,eating
20,32,19,29.3,60.6,1334,active
20,39,4,33.9,59.6,2219,eating
20,48,40,27.4,57.2,1197,active
21,4,32,25.7,59.5,1673,sleeping
21,8,49,27.0,66.4,1333,active
21,18,58,26.5,57.6,1763,sleeping
21,27,4,27.2,54.8,927,active
21,43,4,26.9,62.4,1148,sleeping
21,52,36,30.9,61.7,1306,active
22,0,21,31.9,54.0,1302,sleeping
22,7,27,29.1,61.9,1430,sleeping
22,16,13,29.1,61.0,1791,sleeping
22,28,46,25.1,61.6,2450,active
22,43,42,27.8,63.2,1757,sleeping
22,47,22,29.5,65.9,2049,active
23,0,27,30.8,63.0,1182,active
23,10,57,26.8,59.1,2241,sleeping
23,22,35,29.5,58.2,1508,sleeping
23,26,6,31.3,58.7,1584,sleeping
23,42,17,26.8,62.1,884,sleeping
23,48,0,30.3,60.2,700,active
0,2,30,30.3,63.1,700,active
0,8,55,25.2,56.1,1944,active
0,22,16,30.5,56.1,1046,sleeping
0,27,40,27.2,69.1,1466,sleeping
0,42,54,28.7,51.3,1813,active
0,51,15,27.3,54.2,1525,active
1,2,46,29.0,62.1,2038,active
1,9,51,25.5,60.4,1782,active
1,17,31,27.3,62.2,1694,sleeping
1,31,2,26.2,62.9,1417,sleeping
1,41,15,30.2,64.1,2008,active
1,51,11,25.7,57.2,2466,active
2,0,11,27.6,59.1,1415,sleeping
2,13,57,26.6,55.1,1755,sleeping
2,20,31,28.7,53.9,1869,active
2,32,57,25.0,60.4,965,sleeping
2,42,23,27.1,54.9,1895,active
2,48,7,30.1,55.7,1286,active
3,0,27,26.2,61.4,1734,sleeping
3,6,26,32.7,58.4,1419,sleeping
3,16,13,31.8,64.4,2571,active
3,31,35,29.6,57.4,1300,sleeping
3,43,29,27.7,63.4,2118,active
3,54,5,25.0,64.4,1082,active
4,0,0,27.0,62.5,2242,sleeping
4,8,12,29.2,60.8,2058,sleeping
4,22,8,30.1,60.9,1639,sleeping
4,31,40,25.0,54.0,1782,sleeping
4,36,29,27.7,55.6,1550,sleeping
4,48,38,27.3,55.0,1597,sleeping
5,1,4,30.7,60.2,1494,active
5,13,27,27.4,63.8,1243,sleeping
5,20,24,26.6,57.9,1452,sleeping
5,32,44,28.0,58.1,1880,sleeping
5,44,54,29.3,59.9,2086,active
5,48,17,28.1,60.9,1609,sleeping
6,0,53,30.6,63.0,1319,active
6,7,26,26.8,55.8,1416,eating
6,17,31,26.3,60.5,1504,eating
6,30,41,25.0,58.3,1745,eating
6,39,14,28.3,61.8,1001,eating
6,50,54,25.0,60.7,1120,eating
7,2,46,26.6,54.7,2148,eating
7,6,8,26.8,63.1,700,eating
7,18,7,25.7,64.9,700,eating
7,32,56,25.8,59.4,1253,active
7,42,5,28.5,57.1,1895,eating
7,47,6,26.7,64.2,2058,eating
8,0,42,29.1,58.8,1990,eating
8,12,18,30.4,55.5,1551,active
8,17,17,27.7,61.5,1353,eating
8,31,50,30.4,56.2,1606,active
8,40,38,29.7,61.0,1824,eating
8,49,36,31.3,60.7,1827,eating
9,0,59,27.5,55.9,1691,eating
9,14,54,28.7,61.4,1518,eating
9,24,29,35.0,62.3,2365,eating
9,33,50,25.0,64.7,1591,active
9,43,46,28.5,62.3,1680,eating
9,52,37,32.9,62.3,1103,active
10,0,6,31.6,53.5,1727,active
10,10,10,30.0,61.9,2271,eating
10,16,9,28.9,52.5,2576,eating
10,33,42,25.0,55.2,1142,active
10,41,34,25.8,69.7,1074,active
10,51,43,32.7,55.1,1225,eating
11,2,29,27.3,58.8,2267,eating
11,12,48,27.7,58.7,1753,active
11,19,21,31.5,59.6,2185,eating
11,30,45,27.9,67.6,1295,eating
11,42,22,30.0,61.4,778,eating
11,53,51,27.5,58.5,759,active
12,3,44,29.1,58.7,1632,active
12,13,28,26.9,66.6,1668,eating
12,22,58,26.7,64.0,1412,active
12,30,2,28.6,67.7,2005,active
12,43,15,30.2,62.8,1761,active
12,46,19,28.8,57.5,2015,active
13,0,23,29.4,61.3,2265,active
13,8,1,26.4,58.8,1305,active
13,16,56,30.0,62.2,2293,eating
13,34,38,25.7,59.6,2101,active
13,39,20,30.1,65.2,2603,active
13,48,0,25.0,64.8,1588,active
14,0,41,26.0,57.4,869,active
14,10,39,28.4,60.3,1521,active
14,23,43,28.6,55.3,1001,active
14,34,51,26.9,61.9,1983,active
14,43,9,29.2,58.1,2314,active
14,53,33,25.2,60.6,2062,active
15,0,24,27.7,61.5,1078,active
15,10,47,31.3,56.5,1247,active
15,16,53,26.0,52.6,1481,active
15,27,4,28.7,62.1,700,active
15,40,48,27.4,60.4,1331,active
15,49,13,30.0,60.8,1285,active
16,1,17,28.3,63.8,2149,active
16,13,48,25.6,57.5,1554,active
16,23,48,32.8,61.0,2276,active
16,29,1,26.3,55.0,1052,active
16,44,0,29.5,63.4,1262,active
16,51,25,27.1,55.1,1317,active
17,0,2,26.3,60.1,1883,active
17,13,1,28.2,58.2,1977,active
17,20,8,28.8,65.3,1366,active
17,34,42,25.0,58.0,2496,eating
17,36,21,27.8,61.4,700,active
17,52,55,26.1,58.5,2313,active
18,0,29,30.8,61.1,1591,active
18,7,50,26.5,62.4,731,active
18,18,58,26.9,61.4,700,active
18,28,23,27.5,63.3,788,eating
18,39,35,26.1,60.4,1026,active
18,50,2,29.1,51.7,1954,eating
19,1,34,27.5,59.2,1290,active
19,13,11,31.8,59.0,940,active
19,23,1,28.2,66.0,2077,active
19,28,44,26.9,55.6,2412,active
19,41,34,26.9,51.0,1122,eating
19,49,44,31.1,60.6,1804,eating
20,0,52,25.3,50.9,1780,active
20,14,58,27.3,61.6,1561,active
20,23,58,29.5,58.0,1478,active
20,29,34,26.7,56.8,2195,eating
20,37,20,26.9,61.8,1977,active
20,53,51,33.1,62.5,1230,eating
21,2,48,26.1,59.1,1164,sleeping
21,8,33,30.3,58.1,1360,sleeping
21,17,10,28.6,59.0,1758,sleeping
21,26,38,29.5,57.2,719,active
21,43,51,28.6,61.4,1854,sleeping
21,50,30,25.0,57.7,2116,active
22,2,5,31.2,61.2,1697,sleeping
22,9,3,28.3,58.2,2388,active
22,24,18,32.0,57.7,1770,active
22,30,30,28.5,56.3,1155,sleeping
22,44,11,28.9,61.9,816,active
22,50,34,30.6,61.3,1854,sleeping
23,4,6,27.1,59.2,1204,sleeping
23,14,4,27.3,63.4,2343,active
23,18,58,29.2,64.2,1974,sleeping
23,34,29,27.2,67.2,1426,active
23,40,39,29.7,65.5,1574,sleeping
23,52,4,27.4,61.6,1836,sleeping
0,0,50,28.3,64.8,1489,sleeping
0,11,16,27.8,58.5,1985,sleeping
0,22,39,28.4,50.8,1406,sleeping
0,32,46,31.6,60.6,1453,active
0,39,47,27.1,59.4,838,sleeping
0,49,55,29.3,57.2,1410,sleeping
1,4,12,28.8,59.9,700,active
1,10,7,25.0,53.5,1155,active
1,21,16,27.4,64.7,1661,sleeping
1,34,52,27.1,55.8,1977,sleeping
1,38,21,27.3,57.6,1248,sleeping
1,52,10,30.3,65.7,2122,sleeping
2,1,11,27.3,60.8,2101,active
2,14,38,27.4,59.1,1409,sleeping
2,16,47,27.7,60.1,1545,sleeping
2,27,46,28.1,66.1,725,active
2,36,42,26.4,58.3,1404,sleeping
2,49,55,29.7,55.7,2056,sleeping
3,0,44,28.2,62.6,1410,sleeping
3,12,12,26.0,54.4,1194,sleeping
3,20,12,27.9,60.2,1771,sleeping
3,32,52,25.8,58.9,1578,active
3,38,44,30.1,62.0,1705,active
3,48,15,30.6,61.9,2700,sleeping
4,1,33,27.6,61.1,2700,active
4,9,3,28.5,60.4,1587,sleeping
4,24,1,28.6,60.9,1220,sleeping
4,33,26,25.6,60.9,1065,active
4,36,3,25.0,59.9,1596,sleeping
4,48,7,31.7,61.4,1493,active
5,0,32,26.2,58.2,1522,sleeping
5,11,58,27.1,61.3,1744,sleeping
5,19,13,27.1,56.5,2529,active
5,33,37,26.8,64.5,1264,sleeping
5,37,56,28.8,59.9,1242,sleeping
5,54,20,30.5,59.6,1261,active
6,2,2,29.5,61.9,1554,eating
6,12,59,25.7,54.0,1968,eating
6,16,10,30.9,53.0,2418,active
6,34,7,26.4,57.3,1615,eating
6,43,12,27.6,54.2,1806,eating
6,49,20,27.6,60.4,1646,eating
7,0,54,32.9,64.9,2176,active
7,14,6,30.6,53.0,1452,active
7,17,23,28.9,62.5,1810,eating
7,33,29,29.3,56.4,1451,eating
7,40,25,28.6,63.1,2127,active
7,48,24,29.9,54.6,2007,eating
8,0,56,29.2,56.3,793,eating
8,8,31,27.2,54.9,1287,active
8,23,18,30.5,61.1,1037,eating
8,30,26,26.6,60.4,781,active
8,42,36,28.6,62.8,1484,eating
8,46,58,28.7,62.9,1759,eating
9,0,31,26.6,59.8,1545,eating
9,14,13,25.6,63.5,1170,active
9,22,48,30.5,61.0,1148,active
9,30,5,28.9,57.6,1486,eating
9,42,2,29.0,59.0,1033,eating
9,54,43,28.5,68.2,1330,eating
10,0,48,28.2,60.1,2513,active
10,6,47,26.5,62.5,1816,active
10,19,17,28.1,60.3,1202,active
10,28,49,26.0,60.3,1954,active
10,37,55,25.9,63.6,1572,eating
10,53,13,30.9,64.5,1865,eating
11,0,53,29.3,58.6,1734,active
11,6,43,27.4,65.9,1932,active
11,20,44,29.1,58.4,1739,active
11,30,47,27.2,69.6,1779,active
11,39,3,29.5,60.8,2196,active
11,46,25,28.6,54.5,1529,active
12,1,3,27.8,55.4,1571,active
12,8,23,27.8,59.8,790,active
12,17,44,28.6,55.0,2246,active
12,29,41,25.3,63.2,1487,active
12,44,59,26.8,57.3,2148,active
12,52,13,29.5,64.0,1894,active
13,3,54,29.1,61.5,1022,active
13,12,5,26.7,58.5,1425,active
13,21,33,28.6,56.4,1851,active
13,28,2,28.8,58.0,1684,active
13,37,13,27.9,50.0,2087,active
13,54,58,26.2,58.5,1610,active
14,0,37,32.1,58.0,1908,active
14,14,59,25.4,61.1,1299,active
14,19,39,29.9,62.6,1010,active
14,31,48,29.0,59.2,1391,active
14,42,36,26.0,59.1,1182,active
14,47,49,28.2,52.9,1399,eating
15,0,56,30.1,62.1,2331,active
15,10,12,30.0,62.8,2178,active
15,24,5,28.2,58.0,1577,active
15,29,32,30.0,64.2,1588,active
15,42,11,28.3,59.5,1361,active
15,52,18,29.0,62.1,2308,active
16,0,11,33.3,54.3,1759,active
16,11,23,28.9,60.3,2599,eating
16,20,18,25.9,57.9,2230,eating
16,29,49,28.6,59.4,2030,active
16,40,47,26.2,57.4,1522,active
16,53,56,29.3,66.5,2112,eating
17,0,31,25.9,67.4,700,eating
17,9,53,28.8,62.2,2133,active
17,21,40,27.7,61.5,1985,active
17,34,12,30.2,56.9,1023,eating
17,37,48,29.0,61.6,1495,active
17,52,39,25.2,61.5,1174,eating
18,1,31,31.7,51.6,1233,active
18,11,22,29.7,65.6,1510,eating
18,22,13,26.7,65.2,1219,active
18,31,11,28.9,65.8,1559,eating
18,41,9,27.0,58.0,1401,active
18,52,36,28.4,65.8,1474,eating
19,0,59,27.8,62.0,897,active
19,9,47,27.2,58.3,1270,active
19,17,35,29.8,58.0,1441,active
19,34,48,28.7,66.5,2065,active
19,36,48,30.7,55.8,2211,eating
19,54,10,27.3,63.1,2700,active
20,0,45,29.3,58.6,1956,active
20,6,19,30.4,57.9,2279,eating
20,21,26,28.8,57.8,1870,active
20,30,7,26.7,56.5,700,active
20,37,49,25.0,52.8,1901,active
20,53,45,25.0,58.0,1864,eating
21,4,2,25.7,64.5,862,active
21,7,3,32.1,60.8,1759,active
21,24,0,27.3,60.3,1140,sleeping
21,29,25,28.4,60.5,1632,sleeping
21,41,39,28.6,59.2,1798,sleeping
21,50,39,25.2,61.0,1164,active
22,0,6,26.4,59.4,700,sleeping
22,13,18,28.5,57.1,1555,sleeping
22,21,47,27.5,59.5,1181,sleeping
22,33,42,31.1,58.4,1721,sleeping
22,41,51,25.6,69.2,1543,active
22,52,37,28.7,56.0,2061,sleeping
23,0,56,25.6,56.9,1507,sleeping
23,14,25,28.6,61.9,817,active
23,22,2,27.6,62.9,1958,sleeping
23,32,30,27.4,56.1,1520,sleeping
23,42,55,27.7,62.9,1233,sleeping
23,50,22,29.6,56.0,1057,sleeping
0,0,18,30.1,60.4,1761,sleeping
0,12,29,28.2,54.1,844,sleeping
0,17,16,28.0,60.0,1376,sleeping
0,29,16,28.6,58.7,780,sleeping
0,36,53,30.9,61.5,1723,sleeping
0,53,5,30.2,65.5,1843,active
1,0,55,30.2,56.0,818,active
1,6,23,27.6,55.9,1680,sleeping
1,22,9,28.6,58.8,1833,sleeping
1,31,26,25.0,63.1,1445,active
1,40,35,26.5,68.5,1584,sleeping
1,46,24,26.5,65.8,1094,active
2,0,25,29.4,57.1,1449,sleeping
2,11,14,29.8,62.9,2270,active
2,22,47,27.2,67.4,2293,active
2,33,24,25.0,66.0,2039,active
2,37,8,25.0,56.0,700,active
2,46,20,26.3,58.6,1496,sleeping
3,2,35,27.8,53.4,2451,sleeping
3,6,56,28.4,58.2,1762,sleeping
3,22,30,26.9,59.9,2039,sleeping
3,26,53,26.8,60.1,762,active
3,44,38,29.6,61.0,2376,active
3,53,39,28.4,59.0,1355,sleeping
4,0,44,25.0,60.7,1120,active
4,9,31,29.2,67.0,1258,sleeping
4,23,24,27.0,62.9,1402,sleeping
4,30,27,25.0,64.4,1836,sleeping
4,40,55,27.9,54.2,1430,sleeping
4,54,5,29.3,59.6,1571,sleeping
5,0,38,26.5,60.1,2700,active
5,6,22,28.6,53.3,2005,active
5,22,4,26.0,64.1,2152,active
5,31,21,25.0,57.9,2140,active
5,38,22,26.1,63.2,1016,sleeping
5,50,27,29.4,61.8,1956,sleeping
6,0,31,26.6,59.1,1907,eating
6,12,49,30.5,63.5,1303,active
6,18,44,29.6,55.5,1520,eating
6,26,53,27.7,60.2,1752,eating
6,38,30,32.1,60.1,940,eating
6,49,55,30.7,66.8,1226,eating
7,0,8,32.7,56.7,1532,active
7,11,20,28.2,69.2,1083,eating
7,18,15,27.3,58.0,1683,eating
7,26,52,26.4,58.4,891,eating
7,36,48,27.7,58.0,1363,eating
7,52,26,28.9,61.3,1698,eating
8,0,45,29.6,61.4,700,eating
8,6,2,27.8,53.8,1774,active
8,20,4,29.5,58.7,1605,eating
8,26,34,26.0,56.9,980,eating
8,41,48,30.9,55.2,1707,active
8,51,37,25.0,58.8,1726,active
9,0,21,28.2,59.1,1994,eating
9,8,3,25.2,63.0,1658,active
9,16,32,27.5,61.0,2325,eating
9,33,16,26.9,62.2,1330,eating
9,41,4,26.3,64.0,1180,eating
9,46,10,28.9,57.8,2095,eating
10,0,33,26.0,54.2,1038,eating
10,10,56,25.0,54.8,2277,eating
10,24,20,26.4,60.3,1720,active
10,26,35,29.2,62.9,1267,active
10,38,19,28.3,61.8,961,active
10,48,46,25.0,65.0,2674,active
11,0,26,28.3,59.9,1134,active
11,14,37,31.5,57.8,1665,active
11,23,29,25.6,56.1,1292,active
11,33,26,27.3,55.8,1948,active
11,44,12,25.0,65.4,2009,active
11,50,22,27.4,64.6,1803,active
12,2,47,26.9,63.7,1493,active
12,11,2,28.2,59.7,2040,eating
12,18,34,27.8,65.9,2113,active
12,30,33,32.5,58.4,741,active
12,42,21,26.5,52.3,2533,eating
12,51,45,30.3,59.6,1281,eating
13,0,29,29.3,56.1,1639,active
13,14,45,31.0,62.0,1586,active
13,18,18,30.4,64.3,1970,active
13,26,55,26.1,56.6,1563,active
13,38,15,28.3,67.8,1475,active
13,49,47,27.6,60.3,1591,active
14,2,15,29.6,64.5,1176,active
14,7,44,30.4,57.5,2258,active
14,16,26,29.6,57.5,1722,active
14,26,14,26.4,60.9,1289,active
14,39,58,25.0,61.8,970,active
14,50,41,29.8,52.5,1182,active
15,0,22,28.3,56.4,1918,active
15,11,4,30.5,57.3,1208,active
15,22,20,27.4,58.4,1614,active
15,26,35,27.4,61.3,1464,active
15,39,19,27.9,61.5,1286,active
15,51,56,27.1,62.7,1628,active
16,3,35,31.8,65.0,1491,active
16,11,28,27.4,62.8,1194,active
16,19,5,29.7,60.0,1719,active
16,27,25,27.8,58.9,1089,active
16,37,8,28.4,59.5,1581,active
16,51,1,27.9,60.2,1518,active
17,0,32,26.5,62.3,2046,eating
17,6,9,27.9,61.7,842,eating
17,18,47,27.2,60.8,1236,active
17,27,42,29.1,55.1,1750,active
17,39,21,29.1,61.9,902,eating
17,54,37,26.6,63.1,2305,eating
18,0,11,30.5,56.4,1127,eating
18,14,1,28.4,56.4,1447,active
18,17,46,29.0,56.6,2206,active
18,29,6,28.5,56.5,2226,active
18,38,46,29.8,62.4,2220,eating
18,46,9,25.0,56.3,1219,active
19,0,34,28.1,58.5,876,eating
19,14,32,28.8,54.5,1009,eating
19,20,16,26.6,56.8,1586,active
19,27,3,28.3,57.8,997,eating
19,37,26,33.8,56.3,1994,active
19,47,6,29.3,58.9,1220,active
20,4,39,29.8,61.4,700,eating
20,10,6,27.9,60.5,1288,active
20,19,8,27.2,64.4,1489,active
20,30,27,28.2,69.2,939,active
20,42,10,29.2,64.2,906,active
20,48,52,25.2,63.3,1673,active
21,0,42,27.8,57.4,2122,active
21,8,2,29.0,59.6,1997,sleeping
21,23,53,30.3,61.4,2170,sleeping
21,28,12,27.2,62.2,1003,sleeping
21,37,32,29.0,60.8,1834,sleeping
21,52,13,27.0,58.9,1075,sleeping
22,0,17,25.0,58.2,1602,active
22,8,10,30.9,62.6,1645,active
22,22,9,28.2,53.6,1414,active
22,29,59,27.3,60.0,2184,active
22,44,29,29.2,61.7,1225,sleeping
22,46,0,29.8,60.5,1260,sleeping
23,0,13,28.2,62.2,1355,sleeping
23,6,33,27.3,56.3,809,sleeping
23,24,12,28.6,55.3,1119,sleeping
23,32,19,31.9,65.6,1397,sleeping
23,39,0,26.5,63.2,1684,sleeping
23,49,35,25.0,61.3,1463,active
0,3,50,30.3,53.3,1289,active
0,12,0,26.5,59.7,1273,sleeping
0,20,54,30.5,64.0,1067,sleeping
0,30,9,25.6,58.3,2256,active
0,42,24,25.6,61.7,1344,sleeping
0,52,12,25.3,59.4,1758,sleeping
1,0,54,25.5,57.0,2441,active
1,14,51,27.2,70.0,1452,sleeping
1,18,7,25.0,68.1,2451,active
1,31,18,29.7,62.7,1417,sleeping
1,37,59,29.5,66.2,2427,sleeping
1,47,38,31.1,56.9,1921,active
2,2,22,25.0,58.6,1788,active
2,10,51,26.6,60.7,1682,sleeping
2,24,22,27.6,54.5,2700,active
2,28,38,30.2,59.5,1639,sleeping
2,38,38,32.0,56.2,1602,active
2,52,14,28.2,57.2,1341,sleeping
3,4,52,29.8,61.3,1044,sleeping
3,10,10,26.0,63.0,1740,sleeping
3,24,2,28.8,62.5,2084,active
3,29,15,33.8,61.9,1881,sleeping
3,42,2,29.9,58.4,1556,sleeping
3,46,29,27.4,65.5,1581,active
4,1,8,25.8,59.8,2019,active
4,8,52,28.6,64.7,1524,sleeping
4,19,36,25.3,64.9,1470,sleeping
4,31,38,29.1,57.4,1763,sleeping
4,42,19,25.6,61.4,1702,sleeping
4,52,41,29.2,62.5,2507,sleeping
5,0,38,25.4,62.7,2202,active
5,12,28,29.0,57.4,1862,sleeping
5,24,46,25.8,58.5,2288,active
5,28,44,26.3,58.1,1552,sleeping
5,44,27,29.7,60.5,837,active
5,53,22,28.8,59.6,2373,active
6,0,10,29.6,64.7,1389,eating
6,9,28,29.2,57.5,947,eating
6,16,12,27.5,63.6,2130,eating
6,32,15,25.1,60.3,1136,eating
6,44,39,31.1,60.7,2177,active
6,51,4,27.8,58.5,1390,eating
7,0,19,25.4,58.4,979,eating
7,10,48,29.0,62.3,1454,eating
7,17,2,25.0,57.0,2589,eating
7,27,13,27.5,59.9,1606,eating
7,44,18,27.2,63.9,700,active
7,52,1,28.5,60.3,1204,eating
8,2,2,28.8,60.1,1379,eating
8,11,39,26.4,59.4,1841,eating
8,19,6,28.1,57.4,1640,eating
8,33,19,26.1,59.9,1516,eating
8,38,55,30.7,56.5,1219,active
8,48,9,31.7,62.0,1337,active
9,4,17,27.0,58.3,1826,eating
9,9,26,27.1,66.5,2246,eating
9,20,31,29.0,60.2,2305,active
9,26,19,27.3,62.5,1896,eating
9,43,8,30.6,54.7,1575,eating
9,51,36,30.0,57.3,897,active
10,0,40,27.8,65.1,1145,active
10,11,52,32.0,67.1,2125,active
10,24,5,28.9,51.3,997,active
10,31,53,25.0,56.8,1532,active
10,38,44,28.6,64.7,700,active
10,48,2,30.7,63.3,1409,active
11,2,56,27.6,58.8,1617,active
11,7,40,28.2,61.5,1428,active
11,22,17,32.0,62.8,1927,active
11,34,10,26.9,53.7,1240,active
11,38,21,28.9,55.8,1507,active
11,47,26,29.6,60.2,1598,active
12,1,15,28.3,53.1,1359,active
12,13,7,28.3,58.6,700,eating
12,18,37,27.5,63.9,1808,active
12,31,32,30.1,62.8,1559,active
12,38,1,30.1,64.9,1449,active
12,49,52,29.9,63.1,1017,active
13,0,44,30.5,63.2,1565,active
13,6,39,25.6,61.2,2349,active
13,19,29,29.4,58.0,1275,active
13,34,28,28.5,58.6,1726,active
13,42,38,25.0,58.3,1106,active
13,53,20,26.7,62.1,1119,active
14,0,59,29.9,57.2,1708,active
14,8,19,30.2,66.3,1233,active
14,24,52,28.0,65.0,2061,eating
14,26,4,30.5,63.2,1421,eating
14,39,59,29.3,60.5,1697,active
14,53,1,25.6,61.2,1698,eating
15,0,42,29.4,54.1,1913,eating
15,9,36,28.3,60.2,2071,eating
15,23,33,29.1,52.8,1607,active
15,27,24,25.7,63.5,1564,active
15,39,21,27.5,57.2,1019,active
15,48,55,29.7,68.0,2116,active
16,1,40,29.9,58.6,1285,active
16,10,6,30.1,59.5,1141,active
16,23,30,28.5,53.6,1617,eating
16,27,9,25.4,62.4,1924,active
16,44,39,30.7,63.3,1103,active
16,46,21,28.6,56.6,1500,active
17,0,12,29.4,54.4,1435,active
17,10,58,26.3,57.0,1404,active
17,23,32,32.5,61.2,1922,eating
17,30,37,25.2,61.6,1614,eating
17,41,43,28.7,57.7,1026,active
17,49,4,29.7,63.2,1754,active
18,0,16,30.6,58.9,2362,eating
18,9,30,26.2,61.5,2496,active
18,23,10,25.0,64.9,1756,eating
18,33,8,30.6,57.9,2631,eating
18,43,27,29.1,58.0,1968,active
18,50,38,30.7,55.6,1441,active
19,0,37,25.0,58.0,1398,eating
19,10,33,26.3,56.3,2365,eating
19,24,16,25.0,63.0,700,eating
19,33,31,25.1,60.5,1568,eating
19,37,21,29.6,54.2,1116,eating
19,52,26,25.7,67.8,2042,eating
20,0,43,28.9,64.4,2628,active
20,7,44,28.1,59.0,2054,active
20,18,1,28.3,61.8,2700,active
20,29,22,25.0,53.9,2058,active
20,39,28,28.8,50.0,1270,active
20,52,16,28.1,59.5,1209,active
21,1,48,27.3,61.4,2031,sleeping
21,12,24,27.9,57.5,2201,sleeping
21,20,39,28.2,53.2,1496,sleeping
21,30,47,30.8,61.0,1319,sleeping
21,44,5,29.4,60.0,1415,sleeping
21,49,59,25.9,59.3,823,sleeping
22,2,20,27.5,54.8,1643,sleeping
22,9,0,29.3,55.8,987,sleeping
22,17,15,30.2,55.9,1008,active
22,28,23,28.8,56.3,1046,sleeping
22,44,38,27.0,54.4,1442,sleeping
22,51,2,25.5,56.3,1647,sleeping
23,2,57,27.1,57.3,1616,sleeping
23,8,43,25.5,55.2,1851,sleeping
23,19,29,31.8,53.9,1612,active
23,30,22,28.6,62.1,1447,sleeping
23,41,14,26.4,62.2,1529,sleeping
23,46,3,28.7,57.2,1395,sleeping
0,3,32,28.3,57.7,2228,active
0,13,11,28.2,54.5,1063,sleeping
0,19,57,28.5,58.3,2645,active
0,32,43,27.9,57.7,1101,sleeping
0,39,2,31.7,65.8,796,sleeping
0,47,50,29.6,59.1,1581,sleeping
1,0,50,27.0,62.9,1394,sleeping
1,7,50,28.4,66.0,1153,sleeping
1,20,35,29.7,59.7,1326,sleeping
1,29,43,28.4,63.9,996,sleeping
1,37,24,30.7,58.1,1484,sleeping
1,51,53,26.8,60.0,917,sleeping
2,2,9,25.0,60.7,2049,sleeping
2,10,18,27.9,63.3,1810,sleeping
2,18,14,27.7,55.8,2487,active
2,29,25,30.0,62.0,1435,sleeping
2,41,48,28.1,51.7,709,active
2,52,13,26.9,59.0,2468,sleeping
3,0,28,27.7,63.4,1727,sleeping
3,11,22,32.3,63.9,2306,sleeping
3,19,34,27.7,54.7,1711,active
3,33,35,29.4,61.1,1334,sleeping
3,40,2,27.2,61.7,1330,sleeping
3,49,56,27.3,61.3,1312,sleeping
4,3,22,27.4,60.3,1500,sleeping
4,6,44,25.0,59.0,1769,sleeping
4,23,44,29.7,55.6,1250,sleeping
4,31,27,28.2,61.7,1899,sleeping
4,39,30,26.2,58.1,1705,sleeping
4,50,20,25.0,54.4,1618,active
5,3,3,27.3,64.1,1840,sleeping
5,13,54,25.0,61.7,1221,active
5,17,48,26.9,62.9,2295,sleeping
5,31,38,30.5,61.1,1468,active
5,39,30,27.1,66.1,1710,sleeping
5,51,36,26.2,62.3,2043,sleeping
6,0,31,29.0,58.2,2009,active
6,9,58,25.6,53.4,1428,eating
6,16,26,28.0,69.4,1439,active
6,34,23,25.8,63.8,1096,eating
6,40,11,26.9,62.4,1493,eating
6,48,17,29.3,59.9,1160,eating
7,0,28,28.6,58.6,1110,eating
7,14,6,27.5,58.4,1676,eating
7,24,41,26.7,53.9,1891,eating
7,28,22,28.6,57.7,2014,active
7,44,1,29.4,62.8,1702,eating
7,52,58,31.1,62.8,1540,eating
8,0,29,27.2,56.3,788,active
8,13,23,28.2,60.3,1249,eating
8,24,22,26.4,56.9,1856,eating
8,30,0,29.4,63.0,1003,eating
8,39,53,29.5,63.3,933,active
8,50,0,29.7,59.0,1392,eating
9,0,4,28.6,56.5,1165,eating
9,9,25,27.6,53.8,1959,eating
9,18,41,26.7,62.5,718,eating
9,30,39,29.8,60.1,955,eating
9,39,3,30.1,62.6,1291,eating
9,47,23,28.2,60.8,1932,eating
10,3,41,25.3,53.4,1759,active
10,9,35,28.8,59.7,1601,active
10,17,43,30.4,59.5,1648,active
10,26,6,25.3,63.8,1410,active
10,44,33,26.8,57.4,920,active
10,46,12,27.1,61.0,1787,active
11,0,33,27.5,57.8,2009,eating
11,8,53,28.1,64.2,2700,eating
11,17,55,25.7,63.4,1362,eating
11,33,58,28.7,63.8,1380,active
11,43,55,25.0,57.1,2282,eating
11,46,32,25.0,57.1,1133,eating
12,0,4,29.8,62.9,2223,active
12,12,20,25.1,64.6,1479,active
12,18,55,30.9,54.1,1809,active
12,32,53,31.1,53.7,1284,active
12,44,5,25.0,62.1,1817,active
12,54,38,27.7,59.8,2179,active
13,0,40,27.1,57.1,1582,active
13,7,53,25.1,60.7,1987,eating
13,24,17,31.4,67.4,1532,active
13,29,35,26.2,56.2,1886,active
13,38,58,29.3,56.2,1497,active
13,47,27,31.2,60.0,1519,eating
14,3,27,27.8,67.1,1753,active
14,9,58,29.1,60.5,2114,active
14,23,45,29.0,62.4,1595,active
14,34,5,26.7,57.9,717,active
14,36,20,29.7,57.1,878,eating
14,47,28,29.0,60.5,2201,active
15,1,57,30.4,61.6,1157,active
15,14,53,29.1,54.9,2359,active
15,20,47,26.5,66.1,2238,active
15,27,38,28.2,58.9,2248,active
15,41,9,29.5,60.5,1842,active
15,52,45,29.7,59.0,1332,active
16,2,19,27.6,56.2,1969,active
16,10,20,30.8,62.9,1545,active
16,24,14,26.4,56.2,1848,active
16,28,21,27.1,56.4,700,eating
16,36,55,25.5,58.7,1816,eating
16,54,50,28.5,59.4,1393,active
17,2,29,27.5,65.2,2032,eating
17,6,33,29.0,61.5,2156,eating
17,19,27,28.2,64.8,1432,active
17,33,35,27.1,62.0,700,eating
17,36,14,29.1,65.9,1460,active
17,52,25,27.5,59.7,2616,active
18,0,15,28.9,55.6,1770,active
18,6,6,28.6,65.2,854,active
18,22,8,28.9,55.1,1670,active
18,28,34,30.3,61.6,2641,active
18,44,29,29.1,56.5,2025,active
18,47,18,31.5,62.3,2167,eating
19,0,52,28.2,62.4,1871,active
19,13,31,32.0,58.0,1786,active
19,19,16,27.5,56.0,1775,active
19,33,41,28.2,52.0,2700,active
19,42,10,25.3,66.9,1144,eating
19,54,15,32.9,56.0,1946,active
20,0,25,30.2,59.1,1734,eating
20,8,27,26.3,55.5,1142,active
20,17,0,27.2,54.1,1367,eating
20,31,32,26.8,56.6,1239,active
20,41,49,27.9,58.5,1742,active
20,51,44,30.5,63.2,1173,active
21,0,33,27.0,56.5,1368,sleeping
21,11,56,26.8,64.4,882,sleeping
21,22,24,25.2,53.2,2238,active
21,28,49,28.5,63.4,898,active
21,41,5,28.4,64.1,1896,sleeping
21,49,20,30.0,54.7,1578,sleeping
22,1,49,33.5,59.4,1294,active
22,12,19,25.0,57.1,1697,sleeping
22,18,12,27.4,59.2,2030,active
22,30,34,33.6,61.8,2138,active
22,37,36,29.6,59.4,1228,sleeping
22,54,18,32.6,68.4,1580,active
23,0,22,30.9,59.3,2175,sleeping
23,7,12,28.1,59.2,1434,sleeping
23,16,1,28.4,60.8,1643,sleeping
23,34,15,25.0,57.9,1533,sleeping
23,38,58,25.0,54.5,2199,sleeping
23,51,45,28.9,63.3,1758,sleeping
0,4,42,25.0,58.2,1109,active
0,6,37,28.6,57.8,1380,sleeping
0,22,40,26.7,54.5,1882,sleeping
0,32,10,27.4,67.6,2413,active
0,41,11,25.0,65.7,1805,active
0,52,2,31.1,61.4,1566,active
1,2,2,26.2,57.2,1049,sleeping
1,8,18,27.0,57.8,1325,sleeping
1,24,18,27.9,53.9,1083,active
1,32,35,28.3,63.7,2204,sleeping
1,36,51,30.1,59.8,2156,sleeping
1,47,6,25.3,56.9,1104,active
2,0,24,29.2,63.6,1298,sleeping
2,13,16,30.2,62.4,1419,active
2,16,4,27.1,59.9,1256,sleeping
2,28,4,30.6,59.6,1705,sleeping
2,44,59,30.2,62.9,1726,active
2,49,3,27.1,63.0,844,active
3,1,35,27.9,66.2,2337,sleeping
3,8,56,28.7,61.1,1773,sleeping
3,16,58,25.0,57.5,1333,sleeping
3,31,50,29.2,64.3,2030,sleeping
3,42,27,29.3,56.7,1289,sleeping
3,52,26,26.4,62.4,2700,active
4,0,16,25.3,64.1,1565,active
4,11,14,31.3,56.0,1249,active
4,24,19,30.0,62.0,2692,active
4,29,9,25.8,58.3,700,active
4,43,1,30.0,59.8,2665,sleeping
4,53,56,28.9,62.5,1868,sleeping
5,4,29,27.5,61.4,1707,sleeping
5,12,51,29.8,61.0,832,sleeping
5,19,54,27.5,57.2,1167,sleeping
5,32,35,32.5,61.2,1224,sleeping
5,38,51,30.4,61.7,1704,sleeping
5,53,19,28.8,57.4,1033,sleeping
6,0,24,30.9,60.4,1528,active
6,13,26,29.0,63.5,1315,eating
6,20,52,27.8,54.6,891,eating
6,27,50,29.7,60.5,1230,eating
6,42,12,27.9,64.8,1691,eating
6,53,59,28.3,56.0,1942,eating
7,0,33,26.9,59.2,1088,eating
7,6,9,25.0,62.1,1058,active
7,19,13,29.2,59.4,1125,eating
7,27,19,27.5,61.0,1379,eating
7,41,7,35.1,53.7,1738,active
7,50,44,29.0,52.7,2700,eating
8,0,58,28.3,57.6,2098,active
8,9,35,27.5,53.8,1309,active
8,19,27,25.7,55.7,1401,active
8,32,47,27.6,64.2,1615,eating
8,39,19,26.2,55.0,2311,eating
8,46,23,25.2,58.9,1140,active
9,0,36,30.2,63.2,1588,eating
9,12,21,27.4,62.1,1762,eating
9,24,57,27.7,59.2,1571,eating
9,26,27,25.4,52.1,1910,active
9,40,17,30.4,59.1,968,active
9,51,5,30.0,57.1,1721,eating
10,0,40,25.1,62.9,1866,active
10,14,15,27.1,60.5,2700,active
10,20,35,27.7,60.5,897,active
10,32,31,25.0,59.6,1653,active
10,42,3,26.9,54.8,1656,eating
10,47,1,28.8,68.0,2494,active
11,4,26,28.8,61.3,2268,active
11,8,43,28.3,59.4,863,active
11,16,11,28.1,56.6,2112,active
11,29,55,29.3,58.9,2571,active
11,38,54,25.8,60.7,700,eating
11,52,4,25.4,61.0,1181,active
12,0,18,29.7,66.3,1116,active
12,14,22,26.0,52.2,1209,active
12,19,35,28.3,61.6,1641,active
12,29,43,27.7,55.1,1735,active
12,43,52,29.9,57.7,1063,active
12,50,40,25.0,66.6,1384,active
13,0,17,30.0,57.3,1473,active
13,6,50,30.0,54.0,2087,eating
13,24,6,29.9,66.9,1564,active
13,31,55,29.7,63.4,978,eating
13,39,31,25.0,51.0,1262,active
13,54,44,29.2,62.2,1610,active
14,1,39,32.2,57.3,1345,active
14,11,47,26.1,57.8,1901,active
14,21,18,25.0,57.3,2067,active
14,32,43,29.9,57.9,1006,active
14,40,36,31.5,57.6,2012,active
14,54,22,26.7,63.8,1337,active
15,4,41,27.4,60.7,1766,active
15,14,53,27.8,60.0,2148,eating
15,24,50,28.2,65.0,1561,active
15,34,44,26.5,64.2,2446,eating
15,43,13,30.7,53.9,837,active
15,54,59,26.1,50.0,1631,active
16,1,13,29.2,60.2,700,active
16,13,20,27.0,64.9,1284,active
16,16,43,30.6,62.6,2500,eating
16,29,19,31.4,58.4,1332,eating
16,41,3,31.1,54.4,1020,eating
16,49,4,30.1,61.2,2283,active
17,0,42,27.1,57.3,1393,active
17,6,47,30.0,60.7,928,eating
17,17,56,30.8,52.7,966,eating
17,32,51,28.9,60.0,1352,active
17,41,6,27.4,64.7,2368,eating
17,51,51,28.6,60.0,806,eating
18,2,13,26.9,55.9,1657,active
18,10,0,29.2,61.9,700,active
18,17,6,29.6,62.0,962,eating
18,27,19,28.6,59.0,2700,eating
18,40,22,29.3,69.4,1548,active
18,53,5,30.0,56.0,2549,eating
19,0,33,28.5,65.7,1736,eating
19,8,15,30.3,66.6,1305,active
19,24,19,26.8,61.9,1945,active
19,27,19,28.3,59.9,1433,active
19,39,17,30.1,57.4,2067,eating
19,53,59,30.0,61.8,1510,active
20,3,21,29.1,62.4,907,active
20,11,31,28.6,63.4,1807,active
20,18,50,30.2,58.4,1813,active
20,26,0,31.3,64.5,2362,active
20,41,17,27.2,56.3,2195,active
20,52,57,25.9,60.5,1668,active
21,0,12,27.8,56.6,1154,sleeping
21,7,8,28.3,55.4,1787,sleeping
21,18,3,27.9,55.4,1343,sleeping
21,30,10,29.7,63.9,1594,sleeping
21,40,36,27.0,58.1,1359,sleeping
21,46,55,27.9,66.9,1517,active
22,0,20,29.9,63.6,1133,sleeping
22,10,30,27.3,58.6,1710,sleeping
22,18,29,29.2,59.9,1508,sleeping
22,28,34,27.9,50.0,1854,sleeping
22,44,7,28.1,60.2,2330,active
22,54,22,29.4,59.0,800,sleeping
23,1,33,27.3,59.7,1218,sleeping
23,10,45,30.8,54.2,1012,active
23,17,1,26.6,53.6,2700,active
23,34,38,27.1,63.2,700,sleeping
23,41,39,28.4,57.3,1224,sleeping
23,48,39,26.1,54.4,2130,sleeping
0,0,21,26.5,61.2,1224,sleeping
0,13,3,25.3,59.0,1840,active
0,23,44,29.3,62.0,1780,sleeping
0,33,17,31.4,62.5,1259,active
0,43,12,26.1,58.0,2354,active
0,49,27,31.5,60.4,1808,sleeping
1,4,18,31.6,60.2,937,active
1,14,4,30.4,60.1,1693,sleeping
1,20,1,27.5,66.7,1321,active
1,28,28,27.4,64.1,1853,sleeping
1,42,53,25.0,62.9,2110,sleeping
1,53,45,28.7,57.0,1335,sleeping
2,0,42,28.3,64.8,2040,sleeping
2,10,59,28.7,69.6,1725,active
2,17,42,27.1,58.0,1755,sleeping
2,33,21,27.4,59.5,700,sleeping
2,43,2,25.0,64.2,1703,sleeping
2,52,17,28.6,57.8,1527,sleeping
3,0,32,25.8,55.8,1244,sleeping
3,12,36,31.9,53.6,1356,sleeping
3,21,33,29.5,59.7,2305,sleeping
3,26,43,28.4,63.2,1765,sleeping
3,40,12,29.8,60.0,700,sleeping
3,47,17,27.3,60.9,1149,sleeping
4,4,36,25.0,61.9,1263,sleeping
4,13,20,27.9,65.8,997,sleeping
4,18,50,25.6,65.8,2050,sleeping
4,28,20,27.9,65.2,2118,active
4,38,38,25.8,57.3,1019,sleeping
4,48,21,28.1,58.4,1480,sleeping
5,0,16,31.3,59.9,2136,sleeping
5,11,59,25.8,53.5,1415,active
5,23,31,27.8,61.3,1912,sleeping
5,30,25,30.8,59.4,1922,sleeping
5,42,3,31.2,51.3,1315,active
5,51,2,27.8,61.7,1442,sleeping
6,3,18,27.0,64.5,1692,eating
6,8,0,26.0,65.2,700,active
6,21,30,28.0,58.2,1292,eating
6,33,35,30.0,55.9,1251,eating
6,43,14,27.6,59.0,1428,eating
6,46,26,28.1,59.6,1888,eating
7,3,0,25.0,57.3,1209,active
7,13,7,26.9,55.1,1948,eating
7,18,37,31.2,59.2,1861,active
7,32,53,28.5,63.9,1091,eating
7,38,16,25.0,61.1,1799,active
7,51,8,25.9,53.7,796,active
8,1,0,27.9,60.7,1926,eating
8,7,2,27.4,55.3,1599,eating
8,23,0,28.4,61.4,2700,eating
8,28,36,26.1,57.4,1465,eating
8,40,14,29.0,59.4,2330,eating
8,54,31,25.0,66.3,1779,active
9,1,33,26.8,62.9,975,active
9,13,36,28.7,56.4,2302,active
9,24,25,26.0,64.7,2498,active
9,32,13,31.2,54.2,876,eating
9,44,50,29.9,63.4,1831,eating
9,47,5,29.2,62.9,1324,eating
10,3,31,28.7,63.2,700,active
10,13,36,28.6,56.9,2021,eating
10,16,46,25.7,68.4,1613,active
10,33,9,26.7,59.2,1919,active
10,40,56,28.7,65.8,2004,active
10,46,1,25.7,65.0,1611,active
11,0,24,28.9,52.8,1568,active
11,7,20,29.1,62.2,1332,active
11,18,57,27.8,56.0,2295,active
11,34,47,27.8,55.7,1595,active
11,38,1,29.5,56.0,1290,active
11,49,13,29.4,52.6,1360,eating
12,0,28,28.6,63.8,2598,eating
12,8,37,28.1,65.5,913,active
12,21,12,27.2,62.4,1298,active
12,27,9,30.2,65.2,1939,active
12,42,54,26.8,52.7,700,active
12,48,25,30.0,61.9,1696,active
13,4,11,31.0,63.4,1623,active
13,13,34,27.8,56.4,1434,active
13,19,35,28.4,54.7,2041,eating
13,27,37,29.5,56.1,2005,active
13,44,39,26.3,58.3,1317,active
13,47,54,26.7,53.9,1931,active
14,0,11,29.0,59.0,1760,active
14,13,24,25.0,61.6,2043,active
14,17,18,27.8,61.5,700,active
14,34,42,28.0,65.4,1881,eating
14,41,40,28.4,60.8,1350,active
14,50,0,30.2,59.1,1307,active
15,1,5,30.4,56.1,2009,eating
15,11,51,30.4,62.7,2401,eating
15,22,8,26.5,57.9,1047,active
15,33,2,29.0,65.2,2051,active
15,41,43,29.1,54.2,1589,active
15,52,53,28.2,54.5,2058,active
16,0,39,29.0,60.9,2165,active
16,10,7,25.0,60.4,1906,active
16,21,33,29.7,56.1,1752,active
16,26,55,28.8,60.0,1750,active
16,42,15,25.0,61.8,1714,active
16,53,0,30.0,55.8,1556,active
17,0,33,28.4,65.2,1714,eating
17,7,54,26.7,55.7,1016,active
17,21,33,29.1,62.0,973,eating
17,28,10,26.4,54.8,1573,active
17,43,14,26.6,61.9,1505,active
17,48,42,30.2,60.8,1732,eating
18,0,40,29.8,62.5,1663,active
18,11,28,25.5,58.3,1011,active
18,20,50,28.5,66.0,2318,active
18,33,40,25.6,62.8,1378,active
18,41,55,27.2,58.9,950,eating
18,52,10,25.8,60.9,2463,active
19,0,54,29.7,53.8,1983,active
19,10,51,29.1,57.8,956,eating
19,24,51,26.2,58.4,1925,active
19,29,58,28.4,56.5,2348,eating
19,41,11,26.1,59.1,1107,active
19,47,28,27.9,61.1,1577,active
20,1,56,28.7,58.2,2220,eating
20,8,31,28.4,57.9,1608,active
20,16,43,25.4,58.4,973,eating
20,26,13,28.7,68.6,1847,eating
20,41,35,29.0,63.2,1376,active
20,49,4,32.9,55.6,1197,eating
21,0,49,28.2,58.4,1783,sleeping
21,13,3,28.5,58.0,1092,sleeping
21,24,57,25.5,62.1,2253,sleeping
21,33,9,29.7,64.0,2072,active
21,38,37,27.4,64.1,962,active
21,49,32,29.9,57.9,2101,sleeping
22,0,45,27.0,60.4,2071,active
22,10,11,28.8,57.2,1173,sleeping
22,22,28,28.0,68.7,1677,active
22,28,50,27.8,58.9,1499,sleeping
22,42,19,27.1,56.3,957,active
22,52,14,28.5,63.9,2013,sleeping
23,2,27,27.9,60.0,1999,sleeping
23,8,26,25.5,60.4,882,sleeping
23,16,32,31.2,65.3,1004,active
23,27,5,28.3,67.0,2381,sleeping
23,43,58,25.0,62.0,725,active
23,53,13,25.0,55.5,1615,sleeping
0,0,39,30.2,50.0,1503,sleeping
0,10,35,28.2,66.5,1069,active
0,18,58,25.7,54.9,1392,sleeping
0,26,12,29.9,63.5,1531,sleeping
0,39,16,26.8,59.8,1536,sleeping
0,46,56,27.5,65.7,2682,sleeping
1,0,58,31.2,61.7,1256,sleeping
1,10,43,30.6,57.8,1604,active
1,17,46,27.9,57.2,1380,sleeping
1,32,45,29.6,56.0,2099,active
1,43,26,29.3,58.1,2268,sleeping
1,50,38,25.9,62.5,2038,sleeping
2,1,4,25.1,61.0,1733,sleeping
2,11,20,26.8,65.4,1082,active
2,23,17,30.1,60.2,1004,active
2,30,37,27.4,63.4,1481,sleeping
2,36,6,30.5,64.1,1503,sleeping
2,54,17,25.8,61.1,2000,active
3,0,17,28.1,62.4,933,sleeping
3,14,23,28.7,61.9,1633,sleeping
3,16,53,30.0,59.4,1625,sleeping
3,26,39,26.3,70.0,2672,sleeping
3,40,51,27.6,57.5,1408,sleeping
3,47,58,30.5,60.2,1869,sleeping
4,1,59,26.1,56.2,2058,active
4,14,18,31.2,58.5,2385,sleeping
4,17,45,27.3,57.3,1292,sleeping
4,30,5,28.9,59.9,874,sleeping
4,40,30,29.7,62.8,1887,sleeping
4,50,22,25.2,60.3,1219,active
5,3,20,28.9,57.7,2041,active
5,12,6,28.7,58.1,2100,active
5,16,18,29.8,65.3,1490,sleeping
5,27,37,25.2,62.0,1312,sleeping
5,43,47,29.4,50.8,1231,sleeping
5,50,8,27.3,56.9,1594,sleeping
6,0,25,28.3,58.8,1430,eating
6,9,41,30.6,56.8,2227,eating
6,17,17,25.4,58.4,1992,active
6,33,28,26.2,61.9,1244,eating
6,37,59,25.9,56.7,1282,active
6,51,12,30.1,56.4,1956,eating
7,0,42,30.6,55.0,942,active
7,8,16,26.9,61.9,2257,eating
7,23,40,25.0,53.3,1690,eating
7,33,54,28.9,63.6,1781,eating
7,40,50,25.0,60.0,1620,eating
7,53,7,31.5,61.1,1994,eating
8,0,35,29.6,58.1,2193,eating
8,8,21,27.7,62.7,1995,eating
8,20,57,26.2,60.7,1784,eating
8,26,27,29.8,63.4,1765,eating
8,37,1,25.0,63.9,1393,eating
8,51,12,29.2,51.6,1241,eating
9,0,32,30.8,59.7,1439,eating
9,11,33,28.9,58.9,2080,active
9,19,39,30.6,60.4,879,eating
9,30,50,31.6,67.3,1311,active
9,42,39,30.5,66.9,2022,active
9,51,42,30.0,54.8,1789,active
10,0,36,27.6,59.9,1648,active
10,9,28,25.5,65.8,1735,active
10,17,4,26.0,68.8,1086,eating
10,26,7,30.4,64.7,1158,active
10,44,0,26.4,57.3,1653,active
10,51,36,29.6,60.8,2510,active
11,0,40,29.4,62.4,1747,active
11,10,48,25.5,59.0,1217,eating
11,22,43,29.8,62.6,1052,active
11,31,6,25.6,59.7,1505,active
11,44,28,28.7,65.5,700,active
11,51,12,26.0,65.1,1354,active
12,4,24,25.1,63.7,757,active
12,12,49,27.9,63.9,1865,active
12,17,20,30.1,57.3,1681,eating
12,31,57,28.9,66.6,845,eating
12,39,25,28.1,55.7,2126,eating
12,51,30,28.1,60.0,2053,active
13,1,23,29.0,62.5,1973,active
13,7,8,28.3,51.8,1891,active
13,24,7,25.7,67.0,1069,eating
13,31,46,29.3,60.7,2700,eating
13,38,19,25.9,62.6,700,active
13,51,2,32.3,54.2,2148,active
14,0,57,28.4,63.6,1323,active
14,14,15,29.3,56.7,2015,eating
14,24,0,25.0,58.7,1809,active
14,31,5,29.3,65.0,1976,active
14,38,31,27.8,56.4,1596,active
14,50,49,29.3,60.5,1992,active
15,3,8,25.5,60.2,1222,eating
15,13,19,25.0,60.1,1613,eating
15,19,29,26.5,61.2,905,eating
15,34,59,26.4,63.6,2533,eating
15,44,30,29.0,65.5,1112,active
15,53,31,29.1,63.3,1830,active
16,0,0,25.8,58.1,1294,active
16,8,30,25.0,66.9,1943,eating
16,24,6,26.3,53.8,1795,active
16,28,16,26.2,61.2,1400,active
16,37,48,30.8,67.7,1867,active
16,47,56,26.5,53.0,1696,eating
17,3,24,26.6,64.0,846,active
17,14,56,25.0,64.6,1876,eating
17,20,18,26.9,58.9,1042,active
17,30,31,28.4,60.5,1682,active
17,43,2,28.9,55.9,1927,active
17,46,59,28.1,59.8,1610,active
18,2,52,30.0,59.2,1433,active
18,8,21,29.3,58.4,1952,active
18,23,41,30.0,57.6,1444,active
18,32,59,27.4,66.8,2700,eating
18,41,38,27.7,62.0,700,active
18,53,14,25.0,56.3,1347,active
19,2,28,32.2,63.0,1002,active
19,14,48,30.1,59.3,1417,eating
19,21,13,28.3,59.2,2068,active
19,30,50,29.6,59.8,1169,active
19,43,11,28.0,60.7,1708,active
19,53,22,27.7,60.5,1455,active
20,3,18,29.5,69.9,2596,active
20,7,36,28.3,56.6,1188,active
20,18,25,26.1,67.5,774,active
20,34,41,27.2,58.5,1256,active
20,36,6,30.4,57.9,2176,active
20,50,29,26.9,65.0,1928,active
21,4,19,25.6,60.4,1996,active
21,10,34,30.1,60.7,1418,sleeping
21,21,0,28.6,60.2,980,sleeping
21,28,29,28.5,58.9,1503,sleeping
21,36,47,25.8,60.7,2404,active
21,54,25,25.2,54.6,1730,active
22,1,21,29.0,61.9,976,active
22,10,28,30.0,50.0,1970,active
22,24,52,28.0,68.1,1563,active
22,27,7,25.0,57.6,1680,active
22,42,27,31.5,59.4,2663,sleeping
22,50,0,28.5,57.7,1538,sleeping
23,0,20,29.8,61.0,1583,sleeping
23,14,49,31.0,63.9,2192,sleeping
23,24,46,29.9,63.6,1309,sleeping
23,34,17,28.6,60.5,1837,sleeping
23,41,54,26.1,56.7,2458,active
23,49,56,31.0,60.9,1350,active
0,1,31,28.3,56.2,2588,sleeping
0,14,32,29.0,61.4,1290,sleeping
0,18,44,30.0,56.6,1486,sleeping
0,34,5,30.6,59.5,894,sleeping
0,40,55,25.0,55.3,1530,active
0,49,42,28.3,54.9,1419,active
1,0,46,28.0,55.7,1470,sleeping
1,12,37,29.1,66.4,1295,active
1,19,32,26.1,61.5,2352,active
1,30,38,29.5,61.5,2334,sleeping
1,40,15,25.9,56.1,1297,sleeping
1,47,42,29.3,53.8,2240,sleeping
2,4,17,28.5,59.2,1692,sleeping
2,8,45,27.8,57.3,1483,sleeping
2,18,42,28.4,62.1,1017,sleeping
2,34,58,28.7,61.1,1928,sleeping
2,39,22,30.7,60.8,1387,active
2,52,31,25.6,63.9,2195,sleeping
3,2,18,29.0,64.5,1269,sleeping
3,9,32,25.0,60.1,1269,active
3,20,13,28.8,56.2,975,sleeping
3,27,43,27.3,62.5,1064,sleeping
3,37,29,27.4,61.6,822,sleeping
3,46,38,29.3,61.9,1127,sleeping
4,3,8,27.6,59.3,1674,sleeping
4,13,13,29.4,57.5,1629,sleeping
4,18,36,28.0,58.9,1391,sleeping
4,33,7,28.6,65.2,1940,sleeping
4,43,15,31.0,64.3,1306,sleeping
4,53,12,29.0,61.7,1089,sleeping
5,0,1,30.4,57.5,1908,active
5,9,16,25.1,62.9,2509,active
5,19,49,27.3,61.0,1621,sleeping
5,28,17,28.4,68.4,1501,sleeping
5,39,24,29.1,59.5,756,sleeping
5,46,33,29.2,58.8,939,sleeping
6,0,55,26.8,58.2,1702,eating
6,14,40,26.7,52.9,1611,active
6,17,57,29.4,57.1,2653,active
6,31,13,30.6,57.4,1095,eating
6,43,29,27.1,59.1,1552,eating
6,49,24,29.6,61.6,1720,eating
7,0,14,30.4,62.8,2078,eating
7,12,55,29.6,61.7,2289,active
7,18,24,30.3,61.6,1316,eating
7,34,45,25.0,60.1,1997,eating
7,44,38,30.2,56.4,919,eating
7,53,22,28.4,64.1,1117,eating
8,3,2,27.8,61.9,2635,active
8,9,49,27.0,63.2,1753,eating
8,16,18,28.1,61.4,2404,active
8,34,11,25.0,63.5,1618,eating
8,43,58,31.9,53.9,794,eating
8,52,4,26.2,57.3,1474,eating
9,4,59,28.6,57.7,1252,eating
9,9,16,27.9,63.3,2405,active
9,18,44,28.1,66.7,2139,eating
9,27,39,28.5,60.8,1027,eating
9,40,27,32.0,50.6,1595,eating
9,48,33,29.6,62.8,1743,eating
10,0,41,26.0,64.3,1799,active
10,8,4,25.0,56.7,1527,eating
10,19,4,28.5,64.7,1674,active
10,33,49,29.0,65.3,1622,eating
10,41,44,28.0,62.7,1095,active
10,47,48,30.6,58.6,1655,active
11,0,2,25.2,52.7,1204,eating
11,8,29,27.2,57.7,1243,active
11,19,54,26.5,57.8,1117,active
11,31,46,28.2,62.5,1606,active
11,43,35,28.5,62.0,700,eating
11,52,18,27.2,68.9,2416,eating
12,0,17,25.0,50.0,1841,eating
12,12,57,28.4,58.1,2077,eating
12,22,3,30.0,60.0,843,active
12,26,23,27.4,57.2,1474,active
12,43,43,25.9,64.7,2584,active
12,48,40,29.7,63.5,1245,active
13,0,59,28.4,60.6,1512,active
13,13,39,26.4,55.4,1906,active
13,19,18,27.5,59.7,1643,active
13,30,3,25.6,59.7,1812,active
13,41,34,25.8,57.5,1535,active
13,50,9,29.1,60.8,1656,active
14,0,44,27.5,59.7,1433,active
14,6,10,29.8,55.6,1708,active
14,16,39,28.5,52.2,700,eating
14,33,44,29.0,59.8,1640,active
14,39,33,29.0,59.4,1783,active
14,51,52,27.3,56.6,1592,active
15,0,26,25.6,56.1,1644,active
15,8,29,26.1,62.3,1276,active
15,20,11,29.4,61.9,2162,eating
15,31,20,27.4,63.4,2017,active
15,42,41,25.0,63.0,1647,active
15,52,15,29.3,57.9,1477,active
16,4,34,28.9,62.9,1340,active
16,6,55,31.3,62.9,700,active
16,20,4,31.2,58.4,1770,eating
16,31,59,28.6,61.3,1908,active
16,36,23,28.7,65.0,1626,active
16,52,21,26.6,64.5,1332,active
17,4,5,30.9,61.4,2205,eating
17,11,13,25.0,57.8,1879,eating
17,20,31,29.0,57.3,1032,active
17,27,20,29.7,57.3,1056,active
17,39,48,30.2,60.8,1222,eating
17,51,34,30.0,61.1,1715,active
18,0,37,26.4,59.8,1367,active
18,14,28,30.0,60.0,1142,active
18,21,9,28.9,60.1,1469,active
18,33,41,28.1,54.9,1300,active
18,42,8,29.5,56.0,2361,eating
18,48,14,30.9,64.7,2079,eating
19,3,1,26.0,57.9,1324,active
19,12,52,25.0,60.8,1747,eating
19,16,40,28.0,57.9,1339,active
19,30,21,25.8,61.1,1044,active
19,41,57,27.2,60.9,721,eating
19,54,49,29.9,60.6,1820,active
20,0,47,30.2,56.8,1709,active
20,14,5,26.0,64.5,1655,active
20,18,15,27.0,58.1,1442,active
20,29,13,29.1,50.0,1046,active
20,39,43,27.3,60.6,700,active
20,46,14,27.3,60.2,1748,active
21,2,28,32.1,64.9,1506,sleeping
21,9,39,31.1,60.5,1458,sleeping
21,18,59,27.5,63.2,700,sleeping
21,33,56,28.2,59.3,2044,active
21,36,26,29.2,55.5,1966,sleeping
21,54,47,30.2,50.3,1385,sleeping
22,0,49,29.1,59.8,1308,sleeping
22,11,50,25.0,60.2,1265,sleeping
22,21,55,27.3,61.8,1706,sleeping
22,29,59,26.6,62.0,1544,sleeping
22,37,29,25.0,57.8,1630,sleeping
22,46,7,30.5,57.5,1692,active
23,0,22,29.9,60.7,1129,sleeping
23,12,0,26.8,58.1,1777,sleeping
23,20,17,26.0,58.1,1237,sleeping
23,26,6,29.2,51.5,2111,sleeping
23,38,14,26.5,60.7,1982,sleeping
23,48,18,28.9,58.9,1729,sleeping
0,0,22,25.0,51.7,1595,active
0,10,2,26.8,63.1,1646,sleeping
0,23,10,25.8,58.5,1611,sleeping
0,30,28,29.7,62.1,1345,sleeping
0,40,33,25.7,65.4,2094,sleeping
0,50,34,28.6,55.8,1679,sleeping
1,2,7,28.2,58.9,1012,sleeping
1,9,43,31.8,60.8,1950,active
1,20,21,28.9,63.7,1474,sleeping
1,31,37,29.0,59.0,1571,sleeping
1,36,52,30.4,60.9,700,sleeping
1,46,24,26.0,65.4,1708,sleeping
2,0,46,28.3,62.2,2109,sleeping
2,12,52,28.4,60.3,1922,sleeping
2,19,7,28.0,54.3,1601,sleeping
2,32,14,33.6,58.5,1898,sleeping
2,44,38,26.8,58.2,1716,sleeping
2,51,54,29.5,62.9,2119,sleeping
3,4,53,28.5,64.2,2661,sleeping
3,12,18,28.0,60.3,1121,sleeping
3,24,23,30.2,60.5,1347,active
3,30,20,28.6,55.0,2287,sleeping
3,37,28,27.9,59.9,1709,sleeping
3,48,16,28.0,57.4,1362,sleeping
4,0,54,29.7,64.8,2153,sleeping
4,14,57,28.6,61.3,1082,sleeping
4,20,25,26.1,63.4,1363,sleeping
4,28,10,25.6,65.2,2213,active
4,43,43,31.4,63.8,1601,sleeping
4,47,4,31.8,67.9,2112,sleeping
5,0,9,27.2,56.8,926,active
5,14,40,25.4,62.7,1459,sleeping
5,16,39,26.3,66.0,1426,sleeping
5,30,17,30.7,63.7,1811,sleeping
5,40,34,29.6,55.7,1155,sleeping
5,46,23,28.6,51.1,1135,sleeping
6,4,51,27.6,55.9,2267,eating
6,11,36,26.0,58.7,1614,eating
6,17,52,25.0,63.4,1940,active
6,26,58,25.1,63.7,1835,active
6,39,23,28.1,63.2,2070,active
6,50,13,25.0,61.0,1456,active
7,0,29,29.1,56.8,1965,eating
7,6,52,26.5,63.0,2183,eating
7,19,49,29.4,61.2,799,eating
7,32,29,31.1,58.9,1606,eating
7,37,7,28.2,61.0,2148,active
7,53,1,26.7,58.6,1917,eating
8,0,16,29.0,58.8,1281,eating
8,6,17,27.0,67.7,1170,eating
8,24,43,26.8,59.8,700,eating
8,26,41,29.3,57.3,1205,eating
8,43,52,28.4,55.3,2166,eating
8,53,7,29.1,55.9,1197,eating
9,0,21,31.1,59.7,1744,active
9,11,43,30.2,62.7,1904,active
9,21,53,31.8,57.9,1935,active
9,30,58,27.2,59.9,1369,eating
9,40,27,27.7,57.9,1653,eating
9,46,44,25.9,53.1,1450,active
10,0,36,26.2,60.4,1538,active
10,10,35,25.0,62.8,1535,active
10,17,56,28.1,50.4,1443,active
10,32,48,28.6,53.4,1933,eating
10,43,10,25.6,60.2,1180,active
10,49,56,29.6,65.1,1477,eating
11,0,7,28.8,59.3,1920,active
11,8,25,25.0,61.6,1502,active
11,23,52,29.7,52.7,1889,active
11,32,49,27.1,61.6,2198,eating
11,43,23,26.6,57.6,810,active
11,53,2,30.7,70.0,2334,active
12,0,32,28.3,60.6,1392,active
12,11,37,29.2,56.4,1968,active
12,19,24,25.0,57.8,700,active
12,29,21,28.6,67.7,1056,active
12,42,21,28.3,63.2,2409,active
12,48,17,26.2,57.1,1395,active
13,0,58,28.7,61.1,2090,active
13,10,19,30.0,55.7,2021,active
13,24,55,30.9,58.4,1901,active
13,28,12,27.3,55.9,1298,active
13,38,51,29.5,53.7,1337,active
13,53,59,29.2,57.3,1572,active
14,2,31,27.4,51.1,1441,active
14,14,17,28.6,55.1,1610,active
14,18,16,27.7,60.2,1463,active
14,32,41,27.9,65.6,1093,eating
14,37,39,28.2,60.3,2441,eating
14,48,26,25.0,62.0,946,eating
15,0,58,30.0,59.1,1478,active
15,11,17,29.7,57.6,2546,active
15,24,37,29.8,68.2,1892,active
15,26,39,27.1,64.5,2444,active
15,40,33,29.0,51.3,1567,active
15,52,30,27.7,54.1,917,active
16,0,10,27.7,62.9,1096,active
16,10,26,27.8,53.8,1740,eating
16,21,45,29.0,60.6,716,active
16,29,43,28.9,61.2,1653,active
16,39,47,30.7,54.6,1381,active
16,47,39,29.4,50.1,1505,eating
17,1,22,27.7,67.5,1498,eating
17,10,10,28.1,51.8,2129,eating
17,20,23,26.3,63.6,1799,active
17,30,30,28.5,51.6,811,active
17,44,19,26.6,60.2,1327,active
17,48,46,27.6,54.4,1305,active
18,0,54,26.7,62.0,1107,active
18,11,3,29.0,64.1,788,eating
18,21,28,29.6,58.2,1091,active
18,34,45,26.8,60.5,1179,active
18,40,47,28.1,58.9,887,active
18,51,37,29.0,66.1,1931,eating
19,0,13,25.3,68.6,1485,active
19,7,58,25.8,62.9,1421,active
19,22,51,27.4,61.6,1827,active
19,28,30,28.4,55.8,2056,eating
19,43,15,27.3,64.2,1662,active
19,51,15,26.8,62.7,1050,active
1,28,16,32.8,58.4,2570.0,abcde
1,28,16,32.8,58.4,2570.0,abcde
1,28,16,32.8,58.4,2570.0,abcde
1,28,16,32.8,58.4,2570.0,abcde
1,28,16,32.8,58.4,2570.0,abcde
8,28,16,32.8,58.4,2570.0,abcde
8,28,16,32.8,58.4,2570.0,abcde
8,28,16,32.8,58.4,2570.0,abcde
8,28,16,32.8,58.4,2570.0,abcde
8,28,16,32.8,58.4,2570.0,abcde
