Time,Temperature(C),Humidity(%),Light(lux),Behavior
2025-04-01 00:00,29.2,58.2,1374,Sleeping
2025-04-01 00:10,31.7,57.5,1756,Sleeping
2025-04-01 00:20,25.1,56.4,1802,Sleeping
2025-04-01 00:30,27.3,52.1,1397,Sleeping
2025-04-01 00:40,30.6,68.7,1589,Grooming
2025-04-01 00:50,29.3,64.6,1624,Sleeping
2025-04-01 01:00,29.2,59.7,1103,Sleeping
2025-04-01 01:10,30.9,59.5,1411,Idle
2025-04-01 01:20,29.3,58.6,1513,Sleeping
2025-04-01 01:30,26.1,60.2,810,Grooming
2025-04-01 01:40,29.8,61.8,1178,Sleeping
2025-04-01 01:50,26.2,50.0,1889,Grooming
2025-04-01 02:00,31.8,67.3,1680,Sleeping
2025-04-01 02:10,30.3,55.1,1161,Sleeping
2025-04-01 02:20,27.5,68.5,1536,Sleeping
2025-04-01 02:30,26.5,54.8,1842,Idle
2025-04-01 02:40,30.4,60.4,1703,Sleeping
2025-04-01 02:50,28.6,65.0,2391,Idle
2025-04-01 03:00,29.5,58.0,1973,Sleeping
2025-04-01 03:10,27.8,53.1,902,Sleeping
2025-04-01 03:20,25.9,65.4,959,Grooming
2025-04-01 03:30,28.3,60.5,2464,Grooming
2025-04-01 03:40,30.9,62.1,1561,Sleeping
2025-04-01 03:50,27.8,54.0,2086,Idle
2025-04-01 04:00,31.5,63.6,2308,Idle
2025-04-01 04:10,26.9,60.0,1349,Sleeping
2025-04-01 04:20,28.6,61.3,700,Idle
2025-04-01 04:30,27.1,56.7,2426,Sleeping
2025-04-01 04:40,25.0,58.7,1389,Sleeping
2025-04-01 04:50,26.2,62.7,700,Idle
2025-04-01 05:00,25.0,67.5,717,Grooming
2025-04-01 05:10,29.1,58.9,2424,Idle
2025-04-01 05:20,27.6,61.2,1774,Sleeping
2025-04-01 05:30,26.5,62.2,1515,Sleeping
2025-04-01 05:40,28.8,62.9,1391,Sleeping
2025-04-01 05:50,27.4,57.6,1581,Sleeping
2025-04-01 06:00,27.0,60.9,2097,Eating
2025-04-01 06:10,27.1,54.6,1622,Eating
2025-04-01 06:20,28.0,58.9,1443,Eating
2025-04-01 06:30,27.6,60.0,1730,Eating
2025-04-01 06:40,27.0,59.3,1550,Eating
2025-04-01 06:50,31.5,64.4,2038,Eating
2025-04-01 07:00,30.1,60.0,939,Eating
2025-04-01 07:10,26.9,55.2,1516,Eating
2025-04-01 07:20,32.7,57.4,1157,Grooming
2025-04-01 07:30,25.7,57.7,1410,Grooming
2025-04-01 07:40,29.1,59.2,1691,Eating
2025-04-01 07:50,31.0,58.2,1473,Eating
2025-04-01 08:00,25.0,64.4,1713,Eating
2025-04-01 08:10,30.2,61.9,1131,Grooming
2025-04-01 08:20,26.1,67.5,992,Grooming
2025-04-01 08:30,30.2,57.7,2226,Grooming
2025-04-01 08:40,26.7,55.4,755,Eating
2025-04-01 08:50,26.5,59.0,1087,Eating
2025-04-01 09:00,30.1,62.5,1943,Eating
2025-04-01 09:10,26.5,61.7,1042,Eating
2025-04-01 09:20,28.7,55.7,1853,Eating
2025-04-01 09:30,25.8,62.0,2700,Grooming
2025-04-01 09:40,26.8,65.4,1139,Grooming
2025-04-01 09:50,30.9,60.6,1185,Grooming
2025-04-01 10:00,30.8,55.7,2157,Idle
2025-04-01 10:10,28.8,67.3,2180,Idle
2025-04-01 10:20,27.8,58.2,1746,Running
2025-04-01 10:30,25.8,61.1,2142,Idle
2025-04-01 10:40,28.7,61.4,1602,Running
2025-04-01 10:50,27.9,62.8,2145,Eating
2025-04-01 11:00,27.8,51.0,1778,Grooming
2025-04-01 11:10,27.0,57.2,1802,Running
2025-04-01 11:20,29.1,57.3,1751,Running
2025-04-01 11:30,28.3,56.8,2270,Grooming
2025-04-01 11:40,30.7,54.0,1741,Grooming
2025-04-01 11:50,29.4,59.4,1872,Running
2025-04-01 12:00,25.6,56.8,2131,Eating
2025-04-01 12:10,29.7,70.0,1834,Eating
2025-04-01 12:20,29.8,66.2,1669,Idle
2025-04-01 12:30,25.4,55.5,700,Grooming
2025-04-01 12:40,33.1,56.6,1642,Grooming
2025-04-01 12:50,27.3,64.0,700,Idle
2025-04-01 13:00,27.1,61.3,1319,Running
2025-04-01 13:10,28.7,56.8,2476,Grooming
2025-04-01 13:20,30.5,65.1,1543,Idle
2025-04-01 13:30,30.5,61.6,2367,Grooming
2025-04-01 13:40,29.1,67.4,1872,Eating
2025-04-01 13:50,29.3,63.3,1821,Running
2025-04-01 14:00,30.7,64.1,1380,Idle
2025-04-01 14:10,28.4,63.8,722,Grooming
2025-04-01 14:20,30.1,62.4,772,Eating
2025-04-01 14:30,25.6,57.5,700,Idle
2025-04-01 14:40,28.9,57.6,2254,Grooming
2025-04-01 14:50,29.0,63.7,1016,Running
2025-04-01 15:00,27.6,57.6,2227,Grooming
2025-04-01 15:10,27.7,61.3,1921,Running
2025-04-01 15:20,28.8,63.1,2298,Grooming
2025-04-01 15:30,29.8,64.4,2220,Grooming
2025-04-01 15:40,27.3,62.8,1347,Running
2025-04-01 15:50,25.6,61.8,1517,Eating
2025-04-01 16:00,28.3,60.8,1815,Running
2025-04-01 16:10,25.0,56.7,2541,Grooming
2025-04-01 16:20,26.5,56.8,1535,Running
2025-04-01 16:30,30.6,58.0,700,Eating
2025-04-01 16:40,25.7,57.2,1431,Eating
2025-04-01 16:50,30.4,57.9,1056,Grooming
2025-04-01 17:00,29.4,69.8,1959,Running
2025-04-01 17:10,26.4,57.2,1847,Running
2025-04-01 17:20,27.6,56.4,1390,Running
2025-04-01 17:30,31.6,62.4,1996,Running
2025-04-01 17:40,30.0,61.5,2315,Eating
2025-04-01 17:50,27.6,61.5,700,Running
2025-04-01 18:00,27.7,65.2,2235,Eating
2025-04-01 18:10,27.7,59.6,1843,Running
2025-04-01 18:20,27.3,61.8,1660,Running
2025-04-01 18:30,30.0,55.9,1595,Running
2025-04-01 18:40,29.8,59.5,827,Running
2025-04-01 18:50,27.5,50.0,2430,Eating
2025-04-01 19:00,30.6,60.3,1316,Running
2025-04-01 19:10,29.4,61.9,1753,Running
2025-04-01 19:20,28.6,54.7,2700,Running
2025-04-01 19:30,27.1,62.4,1587,Running
2025-04-01 19:40,27.7,60.5,1491,Running
2025-04-01 19:50,28.3,55.5,1513,Running
2025-04-01 20:00,28.2,61.5,2094,Running
2025-04-01 20:10,30.8,64.5,2200,Eating
2025-04-01 20:20,29.9,56.2,1423,Running
2025-04-01 20:30,29.2,58.8,1650,Running
2025-04-01 20:40,30.6,56.8,2132,Eating
2025-04-01 20:50,28.6,64.0,1525,Running
2025-04-01 21:00,26.2,55.4,2244,Sleeping
2025-04-01 21:10,27.1,63.4,967,Idle
2025-04-01 21:20,30.6,57.6,1628,Sleeping
2025-04-01 21:30,26.5,59.4,1462,Sleeping
2025-04-01 21:40,29.8,59.2,700,Grooming
2025-04-01 21:50,29.3,54.8,700,Grooming
2025-04-01 22:00,25.0,56.6,2328,Grooming
2025-04-01 22:10,28.1,62.3,1586,Sleeping
2025-04-01 22:20,29.0,59.8,714,Grooming
2025-04-01 22:30,26.3,59.1,1723,Sleeping
2025-04-01 22:40,26.0,63.0,1951,Sleeping
2025-04-01 22:50,27.3,62.8,1822,Sleeping
2025-04-01 23:00,27.5,58.9,2208,Grooming
2025-04-01 23:10,29.3,65.4,1626,Sleeping
2025-04-01 23:20,28.2,61.7,1936,Sleeping
2025-04-01 23:30,26.5,50.6,1401,Sleeping
2025-04-01 23:40,27.1,54.4,726,Idle
2025-04-01 23:50,32.3,58.6,1452,Grooming
2025-04-02 00:00,29.1,67.4,1863,Grooming
2025-04-02 00:10,26.9,58.2,1856,Sleeping
2025-04-02 00:20,28.5,54.8,1661,Sleeping
2025-04-02 00:30,26.1,63.8,2593,Grooming
2025-04-02 00:40,29.9,61.4,1384,Sleeping
2025-04-02 00:50,29.9,57.5,1873,Sleeping
2025-04-02 01:00,27.0,57.4,1001,Sleeping
2025-04-02 01:10,25.0,60.7,2097,Idle
2025-04-02 01:20,25.4,61.9,1298,Sleeping
2025-04-02 01:30,25.5,57.2,2042,Sleeping
2025-04-02 01:40,29.4,60.5,1697,Sleeping
2025-04-02 01:50,29.6,56.4,1700,Sleeping
2025-04-02 02:00,28.8,63.6,853,Idle
2025-04-02 02:10,28.1,66.3,1511,Sleeping
2025-04-02 02:20,26.9,64.7,2087,Grooming
2025-04-02 02:30,30.0,57.7,2048,Grooming
2025-04-02 02:40,27.7,58.7,1963,Sleeping
2025-04-02 02:50,25.9,64.8,2148,Grooming
2025-04-02 03:00,26.9,57.0,2156,Sleeping
2025-04-02 03:10,30.3,55.1,1343,Grooming
2025-04-02 03:20,26.1,63.2,1934,Sleeping
2025-04-02 03:30,25.7,60.9,1328,Idle
2025-04-02 03:40,31.4,56.4,1074,Grooming
2025-04-02 03:50,31.3,59.2,2192,Idle
2025-04-02 04:00,25.0,56.7,1663,Sleeping
2025-04-02 04:10,28.7,61.1,1905,Sleeping
2025-04-02 04:20,29.7,61.7,2193,Sleeping
2025-04-02 04:30,29.8,55.3,2600,Sleeping
2025-04-02 04:40,31.8,57.1,1314,Sleeping
2025-04-02 04:50,31.1,61.9,1219,Idle
2025-04-02 05:00,30.6,59.1,1539,Idle
2025-04-02 05:10,31.6,51.9,1374,Sleeping
2025-04-02 05:20,25.3,59.5,1863,Sleeping
2025-04-02 05:30,25.1,62.5,1482,Grooming
2025-04-02 05:40,28.3,58.7,700,Grooming
2025-04-02 05:50,29.1,60.0,1639,Sleeping
2025-04-02 06:00,31.1,61.6,1813,Grooming
2025-04-02 06:10,28.5,63.8,2064,Eating
2025-04-02 06:20,27.0,61.4,1784,Eating
2025-04-02 06:30,28.3,62.1,1215,Eating
2025-04-02 06:40,30.2,60.5,1727,Eating
2025-04-02 06:50,28.1,62.4,1882,Eating
2025-04-02 07:00,25.7,63.8,1105,Grooming
2025-04-02 07:10,29.4,60.2,1454,Eating
2025-04-02 07:20,29.4,61.8,2406,Eating
2025-04-02 07:30,27.4,69.0,1593,Eating
2025-04-02 07:40,25.0,57.2,1545,Grooming
2025-04-02 07:50,27.0,57.5,1852,Eating
2025-04-02 08:00,28.0,61.6,840,Eating
2025-04-02 08:10,26.5,65.9,935,Grooming
2025-04-02 08:20,30.3,65.8,1776,Grooming
2025-04-02 08:30,27.4,58.8,1480,Eating
2025-04-02 08:40,27.2,58.1,2350,Grooming
2025-04-02 08:50,26.3,63.7,1423,Eating
2025-04-02 09:00,28.4,67.7,982,Eating
2025-04-02 09:10,28.7,61.3,1691,Eating
2025-04-02 09:20,27.4,65.7,2099,Grooming
2025-04-02 09:30,25.9,62.2,2090,Eating
2025-04-02 09:40,26.6,65.0,2134,Grooming
2025-04-02 09:50,28.4,55.8,2330,Eating
2025-04-02 10:00,30.8,59.4,1229,Idle
2025-04-02 10:10,30.9,60.6,1886,Grooming
2025-04-02 10:20,28.2,64.9,700,Idle
2025-04-02 10:30,25.0,60.6,1228,Eating
2025-04-02 10:40,29.9,59.2,1714,Running
2025-04-02 10:50,26.2,53.9,1935,Grooming
2025-04-02 11:00,26.7,57.7,1427,Running
2025-04-02 11:10,28.4,69.0,1379,Grooming
2025-04-02 11:20,26.7,62.2,1450,Running
2025-04-02 11:30,25.4,57.4,1496,Grooming
2025-04-02 11:40,28.4,57.8,1676,Running
2025-04-02 11:50,27.3,56.9,1268,Running
2025-04-02 12:00,28.0,62.5,2244,Idle
2025-04-02 12:10,25.3,56.2,2321,Eating
2025-04-02 12:20,28.6,56.6,1429,Running
2025-04-02 12:30,28.4,62.0,962,Eating
2025-04-02 12:40,25.0,58.2,797,Eating
2025-04-02 12:50,26.7,55.6,2042,Grooming
2025-04-02 13:00,27.6,57.8,2697,Grooming
2025-04-02 13:10,28.6,54.5,1922,Eating
2025-04-02 13:20,27.8,64.1,700,Eating
2025-04-02 13:30,29.5,56.2,1995,Running
2025-04-02 13:40,29.1,60.6,730,Grooming
2025-04-02 13:50,28.5,61.3,1453,Running
2025-04-02 14:00,27.5,66.3,984,Idle
2025-04-02 14:10,27.4,54.0,1124,Eating
2025-04-02 14:20,25.5,65.5,1433,Eating
2025-04-02 14:30,29.5,68.3,1843,Eating
2025-04-02 14:40,25.0,56.6,1613,Eating
2025-04-02 14:50,28.2,59.2,1529,Running
2025-04-02 15:00,25.5,60.5,1416,Grooming
2025-04-02 15:10,27.6,58.0,1281,Running
2025-04-02 15:20,29.9,60.3,1188,Running
2025-04-02 15:30,29.1,65.3,2208,Eating
2025-04-02 15:40,26.9,61.1,1417,Running
2025-04-02 15:50,30.8,55.9,1594,Idle
2025-04-02 16:00,26.7,67.2,2195,Eating
2025-04-02 16:10,25.9,64.7,1933,Idle
2025-04-02 16:20,28.1,63.4,2047,Grooming
2025-04-02 16:30,27.0,61.4,1608,Running
2025-04-02 16:40,30.8,65.5,1448,Eating
2025-04-02 16:50,30.7,59.6,1384,Idle
2025-04-02 17:00,27.5,64.8,811,Running
2025-04-02 17:10,28.8,58.3,919,Eating
2025-04-02 17:20,25.0,59.9,700,Running
2025-04-02 17:30,28.7,56.5,1338,Running
2025-04-02 17:40,29.7,64.0,1042,Running
2025-04-02 17:50,25.0,51.1,1298,Running
2025-04-02 18:00,27.2,61.3,1003,Running
2025-04-02 18:10,31.3,63.0,1879,Eating
2025-04-02 18:20,25.0,56.6,1432,Running
2025-04-02 18:30,28.7,59.3,821,Eating
2025-04-02 18:40,25.0,62.2,880,Running
2025-04-02 18:50,26.5,63.5,1399,Running
2025-04-02 19:00,30.3,60.6,857,Eating
2025-04-02 19:10,28.1,56.5,1240,Running
2025-04-02 19:20,26.2,62.4,700,Running
2025-04-02 19:30,32.2,61.1,1198,Eating
2025-04-02 19:40,25.5,60.2,1266,Eating
2025-04-02 19:50,27.8,57.5,1325,Running
2025-04-02 20:00,28.4,61.7,1045,Running
2025-04-02 20:10,30.3,58.8,2395,Eating
2025-04-02 20:20,27.5,58.6,2130,Running
2025-04-02 20:30,28.7,58.8,2042,Eating
2025-04-02 20:40,28.9,59.2,1183,Running
2025-04-02 20:50,25.3,65.3,1570,Running
2025-04-02 21:00,26.8,54.6,1048,Idle
2025-04-02 21:10,29.7,60.6,1286,Sleeping
2025-04-02 21:20,27.8,57.4,1965,Sleeping
2025-04-02 21:30,26.9,62.6,1169,Sleeping
2025-04-02 21:40,30.1,63.0,1465,Idle
2025-04-02 21:50,25.5,63.3,1219,Grooming
2025-04-02 22:00,26.5,62.8,1439,Sleeping
2025-04-02 22:10,29.3,55.7,1459,Sleeping
2025-04-02 22:20,30.6,57.5,832,Grooming
2025-04-02 22:30,25.3,57.6,1544,Sleeping
2025-04-02 22:40,27.8,61.8,1946,Sleeping
2025-04-02 22:50,27.0,57.6,1786,Sleeping
2025-04-02 23:00,25.0,58.9,1365,Grooming
2025-04-02 23:10,25.1,61.7,873,Idle
2025-04-02 23:20,28.3,60.0,2285,Grooming
2025-04-02 23:30,26.7,55.6,1720,Sleeping
2025-04-02 23:40,29.5,60.0,1449,Sleeping
2025-04-02 23:50,30.3,53.3,1618,Idle
2025-04-03 00:00,27.9,63.9,1387,Sleeping
2025-04-03 00:10,30.7,65.0,1523,Grooming
2025-04-03 00:20,31.6,58.4,1593,Idle
2025-04-03 00:30,27.9,56.8,2140,Sleeping
2025-04-03 00:40,27.6,62.8,2171,Idle
2025-04-03 00:50,27.2,61.9,1483,Sleeping
2025-04-03 01:00,26.4,56.5,1225,Sleeping
2025-04-03 01:10,25.6,70.0,1870,Idle
2025-04-03 01:20,29.4,57.6,2001,Sleeping
2025-04-03 01:30,30.5,59.8,2225,Grooming
2025-04-03 01:40,28.8,59.8,1633,Sleeping
2025-04-03 01:50,26.2,64.2,895,Grooming
2025-04-03 02:00,26.1,64.7,2366,Idle
2025-04-03 02:10,26.5,63.0,2109,Grooming
2025-04-03 02:20,27.9,58.2,908,Idle
2025-04-03 02:30,25.0,67.6,2301,Idle
2025-04-03 02:40,26.9,65.8,1678,Grooming
2025-04-03 02:50,25.6,62.3,986,Idle
2025-04-03 03:00,27.7,59.4,1932,Sleeping
2025-04-03 03:10,27.8,56.8,1510,Sleeping
2025-04-03 03:20,27.5,53.9,1938,Idle
2025-04-03 03:30,31.1,63.5,1987,Idle
2025-04-03 03:40,25.0,53.1,1147,Sleeping
2025-04-03 03:50,28.1,67.5,1612,Sleeping
2025-04-03 04:00,26.3,56.1,1969,Sleeping
2025-04-03 04:10,25.0,64.4,2181,Grooming
2025-04-03 04:20,30.2,62.1,1144,Idle
2025-04-03 04:30,27.3,55.4,1020,Sleeping
2025-04-03 04:40,29.3,56.4,1341,Sleeping
2025-04-03 04:50,31.7,62.9,1605,Grooming
2025-04-03 05:00,28.8,54.3,1522,Grooming
2025-04-03 05:10,30.5,55.3,1944,Idle
2025-04-03 05:20,25.0,63.3,1206,Grooming
2025-04-03 05:30,25.0,63.6,2522,Grooming
2025-04-03 05:40,26.1,57.1,1924,Sleeping
2025-04-03 05:50,28.1,62.1,1421,Sleeping
2025-04-03 06:00,28.1,64.8,1953,Eating
2025-04-03 06:10,28.4,58.4,1600,Eating
2025-04-03 06:20,28.4,53.2,1423,Eating
2025-04-03 06:30,27.1,61.3,1641,Eating
2025-04-03 06:40,29.0,57.9,1184,Eating
2025-04-03 06:50,25.6,57.0,1538,Eating
2025-04-03 07:00,27.9,59.2,1263,Eating
2025-04-03 07:10,29.2,62.7,2083,Eating
2025-04-03 07:20,32.5,64.2,1465,Grooming
2025-04-03 07:30,29.5,60.7,2423,Grooming
2025-04-03 07:40,25.8,63.0,1283,Grooming
2025-04-03 07:50,29.5,61.5,1652,Eating
2025-04-03 08:00,30.6,61.1,1370,Eating
2025-04-03 08:10,27.5,61.7,889,Eating
2025-04-03 08:20,26.7,57.9,1234,Eating
2025-04-03 08:30,30.1,62.7,874,Eating
2025-04-03 08:40,29.1,61.4,2102,Eating
2025-04-03 08:50,25.4,61.9,1131,Grooming
2025-04-03 09:00,26.2,51.3,966,Eating
2025-04-03 09:10,27.5,68.1,1781,Eating
2025-04-03 09:20,25.0,59.5,1915,Eating
2025-04-03 09:30,27.9,62.0,1745,Eating
2025-04-03 09:40,25.9,63.3,1241,Eating
2025-04-03 09:50,28.1,65.1,1185,Eating
2025-04-03 10:00,28.9,57.3,1632,Running
2025-04-03 10:10,31.4,65.2,2507,Eating
2025-04-03 10:20,29.7,64.8,1874,Running
2025-04-03 10:30,30.0,62.8,1945,Running
2025-04-03 10:40,30.3,61.7,2237,Idle
2025-04-03 10:50,28.1,63.1,1705,Running
2025-04-03 11:00,27.9,58.4,2434,Idle
2025-04-03 11:10,27.6,68.8,1838,Idle
2025-04-03 11:20,26.9,64.7,700,Idle
2025-04-03 11:30,30.9,63.9,1782,Grooming
2025-04-03 11:40,27.9,60.9,1854,Running
2025-04-03 11:50,34.0,60.0,808,Grooming
2025-04-03 12:00,31.7,59.3,1265,Grooming
2025-04-03 12:10,29.4,58.6,1104,Running
2025-04-03 12:20,28.7,57.7,2155,Grooming
2025-04-03 12:30,27.2,64.5,1879,Running
2025-04-03 12:40,26.9,70.0,1014,Eating
2025-04-03 12:50,26.6,60.4,1568,Running
2025-04-03 13:00,27.4,55.7,1190,Running
2025-04-03 13:10,29.2,60.0,1214,Running
2025-04-03 13:20,25.0,58.9,1816,Eating
2025-04-03 13:30,25.7,56.7,1632,Idle
2025-04-03 13:40,28.3,57.6,1559,Running
2025-04-03 13:50,30.1,54.2,700,Grooming
2025-04-03 14:00,29.3,68.9,1831,Grooming
2025-04-03 14:10,29.6,62.4,1799,Running
2025-04-03 14:20,26.2,57.5,1515,Running
2025-04-03 14:30,28.1,64.6,2700,Idle
2025-04-03 14:40,30.7,61.9,2045,Grooming
2025-04-03 14:50,25.2,53.3,1084,Eating
2025-04-03 15:00,25.0,58.7,1380,Eating
2025-04-03 15:10,26.4,62.7,2464,Grooming
2025-04-03 15:20,28.3,62.5,1689,Running
2025-04-03 15:30,26.8,60.5,2436,Eating
2025-04-03 15:40,25.0,61.5,1596,Eating
2025-04-03 15:50,27.6,57.6,1694,Running
2025-04-03 16:00,27.5,56.3,1399,Running
2025-04-03 16:10,26.9,60.8,1427,Running
2025-04-03 16:20,28.8,55.4,1051,Running
2025-04-03 16:30,25.5,64.6,1890,Idle
2025-04-03 16:40,28.1,63.7,1246,Running
2025-04-03 16:50,32.8,62.9,775,Grooming
2025-04-03 17:00,27.5,60.1,1027,Running
2025-04-03 17:10,27.9,55.3,1496,Running
2025-04-03 17:20,25.5,62.8,1863,Running
2025-04-03 17:30,30.3,57.8,2184,Eating
2025-04-03 17:40,25.0,65.4,1340,Running
2025-04-03 17:50,28.7,57.9,1413,Running
2025-04-03 18:00,26.5,53.6,1818,Eating
2025-04-03 18:10,26.2,56.9,1379,Running
2025-04-03 18:20,27.4,59.5,1725,Running
2025-04-03 18:30,26.3,65.6,2020,Eating
2025-04-03 18:40,26.6,58.0,2007,Eating
2025-04-03 18:50,32.6,61.2,1549,Running
2025-04-03 19:00,30.6,51.5,2049,Running
2025-04-03 19:10,26.5,65.1,1104,Running
2025-04-03 19:20,28.3,60.3,700,Eating
2025-04-03 19:30,28.6,58.6,1386,Running
2025-04-03 19:40,28.1,61.5,1292,Running
2025-04-03 19:50,27.2,57.8,1529,Running
2025-04-03 20:00,29.4,55.7,1816,Running
2025-04-03 20:10,26.5,54.3,1545,Eating
2025-04-03 20:20,27.7,62.1,1281,Running
2025-04-03 20:30,26.8,60.3,2040,Eating
2025-04-03 20:40,26.9,61.1,1586,Running
2025-04-03 20:50,29.1,64.3,1583,Running
2025-04-03 21:00,29.9,64.3,1403,Sleeping
2025-04-03 21:10,27.8,59.5,891,Idle
2025-04-03 21:20,27.7,63.3,1247,Sleeping
2025-04-03 21:30,28.9,60.8,1376,Sleeping
2025-04-03 21:40,25.0,63.4,2226,Grooming
2025-04-03 21:50,30.4,60.5,2178,Sleeping
2025-04-03 22:00,29.8,70.0,1778,Idle
2025-04-03 22:10,32.6,66.6,831,Sleeping
2025-04-03 22:20,29.4,56.1,1233,Sleeping
2025-04-03 22:30,31.5,61.9,1358,Sleeping
2025-04-03 22:40,25.8,55.2,2029,Sleeping
2025-04-03 22:50,27.4,61.8,1680,Sleeping
2025-04-03 23:00,27.7,53.6,1492,Idle
2025-04-03 23:10,28.7,66.7,1742,Idle
2025-04-03 23:20,28.3,64.7,1745,Sleeping
2025-04-03 23:30,25.2,66.6,2473,Sleeping
2025-04-03 23:40,26.5,60.2,1034,Sleeping
2025-04-03 23:50,29.4,53.5,2174,Grooming
2025-04-04 00:00,26.9,67.3,1140,Sleeping
2025-04-04 00:10,29.8,61.7,1681,Sleeping
2025-04-04 00:20,29.3,60.0,1742,Sleeping
2025-04-04 00:30,26.0,55.9,2021,Idle
2025-04-04 00:40,26.9,56.6,1956,Sleeping
2025-04-04 00:50,27.6,66.8,2322,Idle
2025-04-04 01:00,25.0,62.0,1711,Idle
2025-04-04 01:10,31.6,53.0,1766,Sleeping
2025-04-04 01:20,29.5,56.5,849,Idle
2025-04-04 01:30,25.0,59.3,700,Sleeping
2025-04-04 01:40,27.4,62.6,2193,Idle
2025-04-04 01:50,28.8,64.3,1427,Sleeping
2025-04-04 02:00,34.0,70.0,1348,Sleeping
2025-04-04 02:10,25.7,59.5,1192,Idle
2025-04-04 02:20,25.1,55.7,1653,Grooming
2025-04-04 02:30,26.3,66.2,1245,Idle
2025-04-04 02:40,26.4,59.8,1714,Sleeping
2025-04-04 02:50,27.0,68.1,1842,Idle
2025-04-04 03:00,26.9,60.7,1291,Sleeping
2025-04-04 03:10,27.9,64.3,1262,Sleeping
2025-04-04 03:20,29.1,60.7,1934,Sleeping
2025-04-04 03:30,30.8,63.8,2236,Idle
2025-04-04 03:40,25.0,62.6,1474,Grooming
2025-04-04 03:50,27.3,57.5,1032,Sleeping
2025-04-04 04:00,29.7,62.6,2086,Idle
2025-04-04 04:10,26.8,55.1,1337,Sleeping
2025-04-04 04:20,30.8,51.7,891,Sleeping
2025-04-04 04:30,26.4,55.1,1104,Sleeping
2025-04-04 04:40,27.7,56.4,1584,Sleeping
2025-04-04 04:50,28.2,52.8,1135,Sleeping
2025-04-04 05:00,28.6,67.6,1209,Idle
2025-04-04 05:10,29.7,62.7,1091,Sleeping
2025-04-04 05:20,27.2,56.3,2296,Sleeping
2025-04-04 05:30,25.0,60.3,2436,Grooming
2025-04-04 05:40,27.2,60.7,1330,Sleeping
2025-04-04 05:50,28.5,62.6,1344,Sleeping
2025-04-04 06:00,26.7,62.6,937,Grooming
2025-04-04 06:10,29.5,57.6,1422,Eating
2025-04-04 06:20,30.1,65.3,1528,Grooming
2025-04-04 06:30,28.1,54.0,770,Grooming
2025-04-04 06:40,28.2,67.9,2239,Grooming
2025-04-04 06:50,26.7,60.9,2231,Eating
2025-04-04 07:00,31.6,55.4,1919,Grooming
2025-04-04 07:10,25.8,58.1,1893,Eating
2025-04-04 07:20,29.1,53.8,1533,Eating
2025-04-04 07:30,29.6,55.1,1105,Eating
2025-04-04 07:40,25.0,57.3,1570,Eating
2025-04-04 07:50,31.6,57.8,1962,Eating
2025-04-04 08:00,25.2,60.0,1472,Eating
2025-04-04 08:10,29.2,52.9,1253,Eating
2025-04-04 08:20,29.9,63.6,971,Eating
2025-04-04 08:30,26.6,67.6,1796,Eating
2025-04-04 08:40,26.2,66.6,1374,Eating
2025-04-04 08:50,27.6,59.4,2059,Grooming
2025-04-04 09:00,25.0,62.9,2001,Eating
2025-04-04 09:10,28.3,58.7,1819,Eating
2025-04-04 09:20,25.0,60.4,700,Eating
2025-04-04 09:30,27.5,62.1,1570,Eating
2025-04-04 09:40,28.8,64.5,1602,Eating
2025-04-04 09:50,28.6,60.7,700,Grooming
2025-04-04 10:00,27.1,66.9,2477,Idle
2025-04-04 10:10,27.1,58.7,1937,Running
2025-04-04 10:20,30.5,59.4,2658,Eating
2025-04-04 10:30,25.0,60.8,1623,Eating
2025-04-04 10:40,29.1,60.0,1953,Running
2025-04-04 10:50,31.4,62.1,700,Grooming
2025-04-04 11:00,26.7,58.5,1116,Running
2025-04-04 11:10,30.7,60.6,1669,Idle
2025-04-04 11:20,27.2,56.5,1328,Running
2025-04-04 11:30,30.6,60.7,1142,Idle
2025-04-04 11:40,27.7,63.8,1993,Running
2025-04-04 11:50,33.2,55.7,1656,Eating
2025-04-04 12:00,31.0,59.9,1685,Grooming
2025-04-04 12:10,27.1,65.0,2268,Eating
2025-04-04 12:20,28.2,61.5,1794,Running
2025-04-04 12:30,30.4,57.4,2220,Grooming
2025-04-04 12:40,27.0,57.4,1633,Running
2025-04-04 12:50,29.2,57.5,1744,Running
2025-04-04 13:00,28.7,60.0,1782,Running
2025-04-04 13:10,25.6,55.6,1322,Grooming
2025-04-04 13:20,29.3,60.2,1655,Running
2025-04-04 13:30,25.7,60.3,2053,Eating
2025-04-04 13:40,29.8,54.3,1254,Idle
2025-04-04 13:50,28.7,51.1,1902,Grooming
2025-04-04 14:00,27.2,57.9,1388,Running
2025-04-04 14:10,25.8,62.4,1577,Eating
2025-04-04 14:20,27.2,55.1,1070,Running
2025-04-04 14:30,30.3,60.3,2125,Grooming
2025-04-04 14:40,26.6,61.2,2499,Eating
2025-04-04 14:50,31.1,61.7,2052,Eating
2025-04-04 15:00,28.9,58.1,1464,Running
2025-04-04 15:10,30.9,60.3,2107,Eating
2025-04-04 15:20,30.2,60.3,812,Grooming
2025-04-04 15:30,29.3,65.1,1399,Idle
2025-04-04 15:40,28.4,63.1,2498,Idle
2025-04-04 15:50,27.4,56.0,1215,Running
2025-04-04 16:00,29.5,59.1,848,Eating
2025-04-04 16:10,28.1,59.1,2058,Idle
2025-04-04 16:20,25.4,61.3,2685,Eating
2025-04-04 16:30,28.3,59.6,1932,Running
2025-04-04 16:40,27.7,65.5,1700,Eating
2025-04-04 16:50,28.1,58.3,1237,Running
2025-04-04 17:00,29.5,57.3,1743,Running
2025-04-04 17:10,28.1,62.7,1848,Running
2025-04-04 17:20,28.4,61.8,899,Running
2025-04-04 17:30,30.1,66.7,1714,Running
2025-04-04 17:40,28.2,63.8,1452,Running
2025-04-04 17:50,27.8,63.7,1649,Running
2025-04-04 18:00,29.4,59.5,1786,Running
2025-04-04 18:10,28.3,61.8,1719,Running
2025-04-04 18:20,27.8,54.3,1890,Running
2025-04-04 18:30,28.0,58.8,822,Running
2025-04-04 18:40,28.3,58.0,2700,Running
2025-04-04 18:50,30.7,58.0,2026,Eating
2025-04-04 19:00,25.0,62.8,700,Running
2025-04-04 19:10,25.9,60.1,1706,Running
2025-04-04 19:20,26.5,60.7,1772,Running
2025-04-04 19:30,29.8,56.0,2492,Eating
2025-04-04 19:40,27.5,58.9,1310,Running
2025-04-04 19:50,28.1,59.1,1617,Running
2025-04-04 20:00,28.4,58.9,1360,Running
2025-04-04 20:10,25.8,62.6,980,Eating
2025-04-04 20:20,26.7,61.8,2441,Eating
2025-04-04 20:30,30.3,67.7,2181,Running
2025-04-04 20:40,27.9,62.3,1059,Running
2025-04-04 20:50,26.4,61.2,1474,Running
2025-04-04 21:00,25.0,63.0,2051,Sleeping
2025-04-04 21:10,30.0,54.5,729,Grooming
2025-04-04 21:20,30.4,59.7,700,Sleeping
2025-04-04 21:30,27.2,59.6,1748,Sleeping
2025-04-04 21:40,26.4,61.9,1200,Sleeping
2025-04-04 21:50,27.4,62.1,1840,Sleeping
2025-04-04 22:00,26.8,61.0,700,Grooming
2025-04-04 22:10,29.1,56.6,1952,Sleeping
2025-04-04 22:20,26.2,62.1,2697,Sleeping
2025-04-04 22:30,26.2,58.2,1217,Sleeping
2025-04-04 22:40,27.5,56.4,972,Idle
2025-04-04 22:50,25.0,55.0,1417,Idle
2025-04-04 23:00,27.8,58.4,1993,Sleeping
2025-04-04 23:10,31.7,57.8,845,Idle
2025-04-04 23:20,26.9,61.2,1024,Sleeping
2025-04-04 23:30,27.5,56.3,1200,Sleeping
2025-04-04 23:40,27.2,69.3,700,Grooming
2025-04-04 23:50,26.3,59.6,2416,Grooming
2025-04-05 00:00,27.4,58.7,1366,Sleeping
2025-04-05 00:10,25.0,67.1,2079,Sleeping
2025-04-05 00:20,30.6,64.0,2003,Grooming
2025-04-05 00:30,25.0,59.2,1814,Grooming
2025-04-05 00:40,27.0,65.9,922,Idle
2025-04-05 00:50,31.0,68.6,1379,Idle
2025-04-05 01:00,25.2,63.7,1774,Idle
2025-04-05 01:10,27.8,62.9,1586,Sleeping
2025-04-05 01:20,25.0,55.0,981,Idle
2025-04-05 01:30,27.1,62.1,1296,Sleeping
2025-04-05 01:40,27.4,62.3,1834,Sleeping
2025-04-05 01:50,30.3,64.0,1082,Sleeping
2025-04-05 02:00,27.9,55.7,1676,Sleeping
2025-04-05 02:10,31.0,57.9,2041,Idle
2025-04-05 02:20,31.4,61.3,1392,Grooming
2025-04-05 02:30,27.8,58.6,2096,Grooming
2025-04-05 02:40,25.5,51.8,2117,Sleeping
2025-04-05 02:50,28.0,57.7,700,Idle
2025-04-05 03:00,27.1,52.2,1700,Grooming
2025-04-05 03:10,29.2,53.3,1612,Sleeping
2025-04-05 03:20,28.0,58.4,1462,Sleeping
2025-04-05 03:30,27.2,57.4,1400,Sleeping
2025-04-05 03:40,26.1,58.8,1145,Sleeping
2025-04-05 03:50,30.5,53.3,1930,Idle
2025-04-05 04:00,31.4,61.9,1910,Idle
2025-04-05 04:10,27.3,60.3,1162,Sleeping
2025-04-05 04:20,28.3,57.0,1307,Sleeping
2025-04-05 04:30,26.5,59.8,1786,Sleeping
2025-04-05 04:40,25.0,57.8,1986,Idle
2025-04-05 04:50,26.3,57.2,2308,Sleeping
2025-04-05 05:00,32.7,60.4,1768,Idle
2025-04-05 05:10,29.5,59.1,1072,Sleeping
2025-04-05 05:20,28.3,58.1,2271,Idle
2025-04-05 05:30,29.9,65.4,1479,Idle
2025-04-05 05:40,30.4,62.1,2175,Sleeping
2025-04-05 05:50,28.2,52.8,984,Sleeping
2025-04-05 06:00,28.2,52.6,1448,Eating
2025-04-05 06:10,32.1,63.5,1352,Grooming
2025-04-05 06:20,26.7,57.5,1512,Eating
2025-04-05 06:30,32.1,59.7,1560,Grooming
2025-04-05 06:40,29.5,59.2,1629,Eating
2025-04-05 06:50,27.2,65.7,1850,Eating
2025-04-05 07:00,25.0,60.3,1061,Eating
2025-04-05 07:10,25.5,59.3,2155,Eating
2025-04-05 07:20,30.4,62.5,1138,Grooming
2025-04-05 07:30,30.9,57.0,937,Eating
2025-04-05 07:40,27.0,59.9,1327,Eating
2025-04-05 07:50,25.0,64.4,2344,Grooming
2025-04-05 08:00,25.0,52.2,1183,Eating
2025-04-05 08:10,30.2,61.0,1512,Grooming
2025-04-05 08:20,28.7,61.1,1812,Eating
2025-04-05 08:30,28.7,55.5,2058,Grooming
2025-04-05 08:40,29.1,58.4,983,Eating
2025-04-05 08:50,27.0,60.0,1589,Eating
2025-04-05 09:00,28.5,55.2,737,Grooming
2025-04-05 09:10,25.5,59.7,1645,Eating
2025-04-05 09:20,34.8,52.3,1616,Grooming
2025-04-05 09:30,29.3,62.0,2077,Grooming
2025-04-05 09:40,27.4,61.8,952,Grooming
2025-04-05 09:50,29.5,58.3,1581,Eating
2025-04-05 10:00,25.0,60.8,1989,Grooming
2025-04-05 10:10,27.1,63.1,1350,Running
2025-04-05 10:20,25.1,61.9,1240,Eating
2025-04-05 10:30,29.2,53.9,1662,Idle
2025-04-05 10:40,27.2,59.0,1617,Running
2025-04-05 10:50,25.6,67.6,2224,Idle
2025-04-05 11:00,31.4,59.0,1568,Eating
2025-04-05 11:10,26.8,57.9,2171,Eating
2025-04-05 11:20,29.3,56.0,1568,Running
2025-04-05 11:30,30.5,63.8,1685,Idle
2025-04-05 11:40,27.0,53.8,1247,Eating
2025-04-05 11:50,29.5,55.7,700,Eating
2025-04-05 12:00,29.9,59.0,1059,Running
2025-04-05 12:10,27.8,67.7,1904,Grooming
2025-04-05 12:20,27.7,56.3,1706,Running
2025-04-05 12:30,29.3,60.9,1465,Running
2025-04-05 12:40,26.1,68.4,1019,Grooming
2025-04-05 12:50,25.6,62.5,1467,Eating
2025-04-05 13:00,28.8,52.7,1034,Idle
2025-04-05 13:10,26.4,62.4,700,Idle
2025-04-05 13:20,25.2,58.9,1025,Idle
2025-04-05 13:30,25.0,65.5,759,Eating
2025-04-05 13:40,28.5,56.7,773,Idle
2025-04-05 13:50,27.2,57.2,2083,Idle
2025-04-05 14:00,27.8,62.4,824,Eating
2025-04-05 14:10,30.7,61.5,795,Eating
2025-04-05 14:20,27.3,59.0,2513,Idle
2025-04-05 14:30,29.3,53.6,1939,Idle
2025-04-05 14:40,30.2,62.7,1712,Idle
2025-04-05 14:50,27.9,61.3,703,Idle
2025-04-05 15:00,26.6,58.9,1987,Running
2025-04-05 15:10,30.4,64.9,2181,Grooming
2025-04-05 15:20,25.6,68.8,1975,Idle
2025-04-05 15:30,25.1,55.7,989,Eating
2025-04-05 15:40,27.3,62.5,1395,Running
2025-04-05 15:50,26.7,61.8,1290,Running
2025-04-05 16:00,26.2,65.4,1795,Eating
2025-04-05 16:10,27.9,63.4,1418,Running
2025-04-05 16:20,26.1,60.3,2308,Grooming
2025-04-05 16:30,31.6,64.0,1996,Idle
2025-04-05 16:40,28.7,59.3,2582,Eating
2025-04-05 16:50,26.4,59.2,1318,Running
2025-04-05 17:00,29.0,63.7,700,Running
2025-04-05 17:10,29.5,57.1,1185,Running
2025-04-05 17:20,26.7,58.9,2231,Running
2025-04-05 17:30,27.7,61.6,1288,Running
2025-04-05 17:40,25.0,61.4,2079,Running
2025-04-05 17:50,28.0,59.2,1059,Running
2025-04-05 18:00,27.6,65.5,1732,Eating
2025-04-05 18:10,25.5,58.5,1676,Eating
2025-04-05 18:20,27.0,60.1,1135,Running
2025-04-05 18:30,28.6,59.5,1317,Running
2025-04-05 18:40,26.7,64.7,2141,Running
2025-04-05 18:50,25.1,58.1,1108,Running
2025-04-05 19:00,30.0,57.2,2264,Running
2025-04-05 19:10,28.6,56.7,1901,Running
2025-04-05 19:20,26.1,61.1,1790,Running
2025-04-05 19:30,26.1,56.4,753,Eating
2025-04-05 19:40,29.2,60.7,1480,Running
2025-04-05 19:50,29.5,58.3,1172,Running
2025-04-05 20:00,29.4,56.6,1729,Running
2025-04-05 20:10,30.1,57.6,1195,Running
2025-04-05 20:20,29.2,59.9,1981,Running
2025-04-05 20:30,29.8,62.3,1483,Running
2025-04-05 20:40,25.2,58.8,1461,Eating
2025-04-05 20:50,29.9,51.8,1446,Running
2025-04-05 21:00,27.0,63.6,700,Sleeping
2025-04-05 21:10,28.3,59.6,1720,Sleeping
2025-04-05 21:20,27.2,60.8,1575,Sleeping
2025-04-05 21:30,29.8,52.0,1721,Sleeping
2025-04-05 21:40,28.5,60.2,2459,Idle
2025-04-05 21:50,30.2,59.0,2700,Idle
2025-04-05 22:00,32.0,70.0,2363,Sleeping
2025-04-05 22:10,26.7,58.8,2205,Sleeping
2025-04-05 22:20,30.1,59.4,1576,Idle
2025-04-05 22:30,27.7,57.1,1749,Sleeping
2025-04-05 22:40,28.6,57.5,1126,Sleeping
2025-04-05 22:50,31.0,63.3,1599,Grooming
2025-04-05 23:00,28.7,63.8,1936,Sleeping
2025-04-05 23:10,30.1,60.3,700,Idle
2025-04-05 23:20,27.3,58.6,1305,Sleeping
2025-04-05 23:30,29.2,57.7,1712,Sleeping
2025-04-05 23:40,28.8,60.3,1703,Sleeping
2025-04-05 23:50,27.7,65.7,2438,Sleeping
2025-04-06 00:00,25.9,62.7,2383,Grooming
2025-04-06 00:10,25.0,58.2,2003,Idle
2025-04-06 00:20,28.8,57.5,1787,Sleeping
2025-04-06 00:30,28.0,65.3,1436,Grooming
2025-04-06 00:40,26.7,56.9,1820,Sleeping
2025-04-06 00:50,28.3,54.0,2700,Idle
2025-04-06 01:00,28.5,60.1,700,Grooming
2025-04-06 01:10,29.3,66.7,829,Grooming
2025-04-06 01:20,26.3,60.0,1912,Sleeping
2025-04-06 01:30,33.3,65.7,1319,Sleeping
2025-04-06 01:40,26.7,57.7,1448,Sleeping
2025-04-06 01:50,26.2,70.0,1566,Idle
2025-04-06 02:00,25.0,65.2,1673,Idle
2025-04-06 02:10,28.0,55.7,1436,Sleeping
2025-04-06 02:20,31.1,59.3,1810,Idle
2025-04-06 02:30,30.7,54.6,868,Idle
2025-04-06 02:40,25.0,60.2,1402,Idle
2025-04-06 02:50,27.0,60.4,1735,Sleeping
2025-04-06 03:00,28.9,56.1,1140,Sleeping
2025-04-06 03:10,29.1,54.2,1303,Grooming
2025-04-06 03:20,28.0,53.8,2451,Sleeping
2025-04-06 03:30,31.2,58.1,1760,Grooming
2025-04-06 03:40,32.1,64.2,1811,Idle
2025-04-06 03:50,28.6,65.7,1043,Sleeping
2025-04-06 04:00,31.1,65.4,1368,Idle
2025-04-06 04:10,28.2,51.9,1905,Idle
2025-04-06 04:20,29.9,65.3,1423,Sleeping
2025-04-06 04:30,29.0,60.1,993,Sleeping
2025-04-06 04:40,27.0,57.5,1481,Sleeping
2025-04-06 04:50,29.5,60.8,1668,Sleeping
2025-04-06 05:00,25.0,58.1,1570,Idle
2025-04-06 05:10,32.1,60.5,700,Idle
2025-04-06 05:20,26.2,56.1,2093,Sleeping
2025-04-06 05:30,30.8,66.6,1625,Grooming
2025-04-06 05:40,25.9,61.6,1570,Sleeping
2025-04-06 05:50,27.1,56.8,700,Idle
2025-04-06 06:00,26.8,60.3,1810,Eating
2025-04-06 06:10,28.1,56.6,2661,Eating
2025-04-06 06:20,29.5,62.3,2495,Grooming
2025-04-06 06:30,26.5,55.3,1938,Eating
2025-04-06 06:40,30.1,58.8,828,Grooming
2025-04-06 06:50,28.0,67.1,1556,Eating
2025-04-06 07:00,27.5,56.7,1688,Eating
2025-04-06 07:10,26.1,59.4,1838,Eating
2025-04-06 07:20,31.9,60.4,1913,Eating
2025-04-06 07:30,26.4,62.0,881,Eating
2025-04-06 07:40,30.3,59.9,2700,Grooming
2025-04-06 07:50,28.6,62.7,1827,Eating
2025-04-06 08:00,25.4,55.7,1511,Eating
2025-04-06 08:10,30.9,67.9,1813,Eating
2025-04-06 08:20,28.8,59.0,1683,Eating
2025-04-06 08:30,29.6,51.8,1280,Eating
2025-04-06 08:40,27.7,58.3,1062,Eating
2025-04-06 08:50,28.0,51.6,1562,Eating
2025-04-06 09:00,25.0,61.8,1395,Grooming
2025-04-06 09:10,29.1,61.5,1123,Eating
2025-04-06 09:20,29.3,50.8,1492,Eating
2025-04-06 09:30,25.0,59.5,1998,Eating
2025-04-06 09:40,28.7,59.3,1784,Eating
2025-04-06 09:50,30.7,65.0,1838,Eating
2025-04-06 10:00,26.2,57.2,1983,Running
2025-04-06 10:10,29.4,61.0,1274,Running
2025-04-06 10:20,25.0,60.8,1954,Grooming
2025-04-06 10:30,32.3,61.4,1350,Idle
2025-04-06 10:40,25.9,66.2,2391,Idle
2025-04-06 10:50,28.0,61.8,867,Grooming
2025-04-06 11:00,26.8,56.3,1704,Running
2025-04-06 11:10,27.3,57.6,1718,Running
2025-04-06 11:20,30.4,55.1,1061,Eating
2025-04-06 11:30,29.5,55.7,1299,Running
2025-04-06 11:40,31.3,65.3,1495,Idle
2025-04-06 11:50,31.5,62.3,2024,Idle
2025-04-06 12:00,27.3,61.5,2107,Idle
2025-04-06 12:10,25.0,63.3,1581,Idle
2025-04-06 12:20,25.5,61.6,2700,Eating
2025-04-06 12:30,31.0,64.3,2160,Eating
2025-04-06 12:40,25.2,55.8,1382,Grooming
2025-04-06 12:50,26.1,61.4,2081,Eating
2025-04-06 13:00,30.5,56.3,1238,Eating
2025-04-06 13:10,28.9,66.9,2203,Grooming
2025-04-06 13:20,26.1,59.7,2370,Eating
2025-04-06 13:30,25.0,59.3,1221,Eating
2025-04-06 13:40,25.0,60.6,1763,Eating
2025-04-06 13:50,27.2,65.0,1344,Running
2025-04-06 14:00,25.0,65.5,1676,Eating
2025-04-06 14:10,28.3,58.5,952,Grooming
2025-04-06 14:20,25.0,60.1,1283,Idle
2025-04-06 14:30,29.3,64.5,982,Idle
2025-04-06 14:40,30.2,60.1,757,Eating
2025-04-06 14:50,26.4,61.7,2119,Eating
2025-04-06 15:00,29.6,57.0,1245,Running
2025-04-06 15:10,25.0,58.1,1471,Idle
2025-04-06 15:20,29.2,62.5,1999,Running
2025-04-06 15:30,27.9,57.4,1787,Running
2025-04-06 15:40,27.8,56.6,1967,Running
2025-04-06 15:50,33.7,65.4,1938,Grooming
2025-04-06 16:00,26.3,56.8,1801,Running
2025-04-06 16:10,32.3,62.9,2263,Grooming
2025-04-06 16:20,31.0,56.9,1806,Idle
2025-04-06 16:30,28.6,60.9,1431,Running
2025-04-06 16:40,28.3,60.5,1954,Running
2025-04-06 16:50,25.8,55.3,2180,Eating
2025-04-06 17:00,28.5,54.8,1454,Eating
2025-04-06 17:10,26.5,63.5,1758,Running
2025-04-06 17:20,25.0,60.1,1337,Eating
2025-04-06 17:30,26.5,64.0,1808,Running
2025-04-06 17:40,31.0,53.1,1830,Eating
2025-04-06 17:50,26.5,62.7,1993,Running
2025-04-06 18:00,25.0,68.2,1325,Running
2025-04-06 18:10,28.3,62.5,700,Running
2025-04-06 18:20,29.1,53.8,1697,Eating
2025-04-06 18:30,33.4,61.5,910,Running
2025-04-06 18:40,26.9,64.4,2210,Eating
2025-04-06 18:50,28.4,61.4,2053,Eating
2025-04-06 19:00,31.2,52.2,1077,Running
2025-04-06 19:10,25.0,60.0,2259,Eating
2025-04-06 19:20,27.6,58.2,2019,Eating
2025-04-06 19:30,25.0,67.0,934,Running
2025-04-06 19:40,28.1,63.6,1438,Running
2025-04-06 19:50,28.5,66.3,1417,Eating
2025-04-06 20:00,26.3,61.1,1641,Running
2025-04-06 20:10,28.2,67.7,1607,Running
2025-04-06 20:20,26.6,63.3,1600,Running
2025-04-06 20:30,26.0,62.3,1724,Running
2025-04-06 20:40,26.1,52.9,1184,Running
2025-04-06 20:50,25.7,61.0,1127,Running
2025-04-06 21:00,28.4,56.9,1148,Sleeping
2025-04-06 21:10,25.0,57.7,1375,Grooming
2025-04-06 21:20,29.1,63.5,2094,Grooming
2025-04-06 21:30,27.7,60.8,1331,Sleeping
2025-04-06 21:40,26.3,63.9,1436,Sleeping
2025-04-06 21:50,27.9,58.6,1531,Sleeping
2025-04-06 22:00,29.2,64.0,1738,Sleeping
2025-04-06 22:10,25.5,58.3,1567,Idle
2025-04-06 22:20,27.1,67.0,1291,Grooming
2025-04-06 22:30,30.2,64.2,1582,Sleeping
2025-04-06 22:40,27.7,61.1,1519,Sleeping
2025-04-06 22:50,26.8,57.9,1568,Sleeping
2025-04-06 23:00,28.1,56.9,952,Grooming
2025-04-06 23:10,25.0,64.8,1796,Grooming
2025-04-06 23:20,28.6,58.7,1749,Sleeping
2025-04-06 23:30,31.5,55.3,1336,Idle
2025-04-06 23:40,27.5,63.3,1812,Sleeping
2025-04-06 23:50,26.5,63.1,1506,Sleeping
2025-04-07 00:00,28.9,61.5,936,Sleeping
2025-04-07 00:10,29.5,61.0,1550,Sleeping
2025-04-07 00:20,30.0,61.5,700,Idle
2025-04-07 00:30,30.0,57.3,1313,Sleeping
2025-04-07 00:40,30.3,59.9,1577,Grooming
2025-04-07 00:50,25.0,53.6,2066,Idle
2025-04-07 01:00,28.7,63.0,863,Grooming
2025-04-07 01:10,28.0,66.1,1353,Grooming
2025-04-07 01:20,26.7,59.7,1965,Sleeping
2025-04-07 01:30,27.8,62.3,1733,Sleeping
2025-04-07 01:40,27.1,57.6,1458,Sleeping
2025-04-07 01:50,27.3,62.2,2518,Sleeping
2025-04-07 02:00,26.2,60.9,1067,Sleeping
2025-04-07 02:10,26.9,59.9,1308,Sleeping
2025-04-07 02:20,25.0,59.8,1175,Idle
2025-04-07 02:30,26.7,54.4,2037,Idle
2025-04-07 02:40,27.2,58.6,2076,Sleeping
2025-04-07 02:50,27.7,65.9,1111,Sleeping
2025-04-07 03:00,29.8,58.3,1803,Sleeping
2025-04-07 03:10,30.2,62.8,1383,Idle
2025-04-07 03:20,26.5,58.7,2053,Idle
2025-04-07 03:30,26.1,53.7,1676,Idle
2025-04-07 03:40,29.9,62.2,1304,Sleeping
2025-04-07 03:50,26.2,56.3,1022,Sleeping
2025-04-07 04:00,29.2,52.6,1328,Grooming
2025-04-07 04:10,26.6,50.5,994,Sleeping
2025-04-07 04:20,28.8,65.6,1739,Grooming
2025-04-07 04:30,32.4,54.9,2029,Idle
2025-04-07 04:40,30.0,63.2,1459,Sleeping
2025-04-07 04:50,26.0,57.7,1847,Sleeping
2025-04-07 05:00,26.7,67.2,1641,Grooming
2025-04-07 05:10,27.1,53.4,1113,Sleeping
2025-04-07 05:20,30.2,58.5,1552,Sleeping
2025-04-07 05:30,28.3,61.2,885,Sleeping
2025-04-07 05:40,27.0,59.5,700,Sleeping
2025-04-07 05:50,25.6,62.6,2470,Grooming
2025-04-07 06:00,29.2,56.6,1650,Eating
2025-04-07 06:10,29.9,59.0,1384,Eating
2025-04-07 06:20,28.4,66.1,1834,Grooming
2025-04-07 06:30,26.4,58.3,2151,Grooming
2025-04-07 06:40,25.0,62.1,2468,Grooming
2025-04-07 06:50,25.0,63.8,1818,Grooming
2025-04-07 07:00,28.1,64.9,1030,Eating
2025-04-07 07:10,26.4,63.9,2220,Grooming
2025-04-07 07:20,30.9,61.5,1608,Eating
2025-04-07 07:30,26.1,63.9,1672,Eating
2025-04-07 07:40,27.9,55.4,1276,Eating
2025-04-07 07:50,28.6,64.1,1567,Eating
2025-04-07 08:00,29.5,60.4,956,Grooming
2025-04-07 08:10,26.6,61.5,1237,Eating
2025-04-07 08:20,28.1,56.3,1794,Eating
2025-04-07 08:30,26.4,56.8,1861,Eating
2025-04-07 08:40,28.3,60.1,1543,Eating
2025-04-07 08:50,29.6,53.6,1730,Grooming
2025-04-07 09:00,26.4,57.3,700,Grooming
2025-04-07 09:10,27.8,58.6,1817,Eating
2025-04-07 09:20,29.2,56.2,879,Grooming
2025-04-07 09:30,28.0,53.1,1494,Eating
2025-04-07 09:40,30.2,67.4,1883,Eating
2025-04-07 09:50,25.7,50.0,1590,Eating
2025-04-07 10:00,28.0,61.0,1645,Running
2025-04-07 10:10,27.8,61.3,1637,Running
2025-04-07 10:20,27.2,55.1,1693,Running
2025-04-07 10:30,28.9,53.6,1363,Grooming
2025-04-07 10:40,25.0,60.2,1346,Grooming
2025-04-07 10:50,28.9,57.6,2700,Grooming
2025-04-07 11:00,28.1,59.9,1874,Running
2025-04-07 11:10,25.9,65.0,1165,Eating
2025-04-07 11:20,27.3,62.4,792,Grooming
2025-04-07 11:30,25.0,53.7,1628,Idle
2025-04-07 11:40,26.8,58.3,1409,Running
2025-04-07 11:50,30.5,62.4,2014,Idle
2025-04-07 12:00,29.9,65.4,1801,Eating
2025-04-07 12:10,29.9,56.9,1909,Running
2025-04-07 12:20,28.3,62.0,1921,Running
2025-04-07 12:30,25.0,59.9,2097,Grooming
2025-04-07 12:40,27.6,67.3,1494,Idle
2025-04-07 12:50,27.3,56.7,1328,Running
2025-04-07 13:00,28.9,58.8,2129,Grooming
2025-04-07 13:10,27.1,60.1,1551,Running
2025-04-07 13:20,25.0,63.5,1890,Grooming
2025-04-07 13:30,27.1,59.1,700,Eating
2025-04-07 13:40,25.9,61.8,1145,Grooming
2025-04-07 13:50,30.3,66.0,1401,Idle
2025-04-07 14:00,29.0,63.1,2191,Eating
2025-04-07 14:10,28.3,61.9,700,Grooming
2025-04-07 14:20,29.6,66.1,1561,Idle
2025-04-07 14:30,31.0,66.8,2082,Grooming
2025-04-07 14:40,26.0,65.1,1579,Idle
2025-04-07 14:50,27.3,61.4,2203,Eating
2025-04-07 15:00,28.2,64.2,2156,Eating
2025-04-07 15:10,28.1,60.7,1991,Running
2025-04-07 15:20,27.3,57.3,1749,Running
2025-04-07 15:30,27.5,61.3,1249,Running
2025-04-07 15:40,28.1,65.6,2058,Eating
2025-04-07 15:50,30.9,61.9,2027,Idle
2025-04-07 16:00,30.8,58.0,1649,Idle
2025-04-07 16:10,25.8,61.2,1902,Idle
2025-04-07 16:20,28.5,56.0,1312,Running
2025-04-07 16:30,28.8,60.7,1004,Running
2025-04-07 16:40,25.0,70.0,1800,Idle
2025-04-07 16:50,30.7,50.8,2542,Idle
2025-04-07 17:00,27.2,55.9,700,Running
2025-04-07 17:10,31.6,56.0,1310,Running
2025-04-07 17:20,31.1,62.3,1249,Running
2025-04-07 17:30,27.0,55.1,966,Eating
2025-04-07 17:40,28.9,58.5,1556,Running
2025-04-07 17:50,30.3,58.0,1970,Eating
2025-04-07 18:00,27.3,56.2,1061,Running
2025-04-07 18:10,28.1,64.5,1065,Running
2025-04-07 18:20,25.0,64.7,700,Running
2025-04-07 18:30,27.3,60.9,803,Eating
2025-04-07 18:40,28.8,68.3,1144,Running
2025-04-07 18:50,27.0,58.8,2601,Running
2025-04-07 19:00,30.1,54.5,2166,Running
2025-04-07 19:10,30.3,63.6,1406,Eating
2025-04-07 19:20,29.0,61.3,1811,Running
2025-04-07 19:30,29.1,62.9,1502,Running
2025-04-07 19:40,26.7,61.4,1727,Running
2025-04-07 19:50,31.2,61.0,1853,Running
2025-04-07 20:00,30.3,60.7,1409,Eating
2025-04-07 20:10,29.1,58.7,791,Running
2025-04-07 20:20,30.3,58.4,1936,Running
2025-04-07 20:30,30.4,58.2,1569,Running
2025-04-07 20:40,25.0,61.1,763,Eating
2025-04-07 20:50,29.9,60.2,2546,Eating
2025-04-07 21:00,25.0,54.5,1476,Idle
2025-04-07 21:10,30.2,60.3,1876,Sleeping
2025-04-07 21:20,29.2,61.5,2025,Idle
2025-04-07 21:30,31.8,64.9,1918,Idle
2025-04-07 21:40,29.0,59.2,739,Idle
2025-04-07 21:50,27.4,59.2,1630,Sleeping
2025-04-07 22:00,25.0,54.6,1154,Idle
2025-04-07 22:10,25.0,53.0,1449,Idle
2025-04-07 22:20,27.9,50.5,2439,Grooming
2025-04-07 22:30,25.0,55.9,1143,Idle
2025-04-07 22:40,26.7,57.4,818,Idle
2025-04-07 22:50,26.6,59.1,1544,Sleeping
2025-04-07 23:00,29.3,55.1,1057,Sleeping
2025-04-07 23:10,26.5,54.5,1989,Sleeping
2025-04-07 23:20,27.0,62.8,1619,Sleeping
2025-04-07 23:30,26.5,62.4,1716,Sleeping
2025-04-07 23:40,28.6,58.7,1476,Sleeping
2025-04-07 23:50,26.5,61.6,1925,Sleeping
2025-04-08 00:00,28.7,63.2,2115,Idle
2025-04-08 00:10,29.2,59.4,1646,Sleeping
2025-04-08 00:20,30.5,58.6,1687,Idle
2025-04-08 00:30,25.1,58.9,950,Sleeping
2025-04-08 00:40,26.1,60.7,1455,Sleeping
2025-04-08 00:50,28.6,66.0,1496,Sleeping
2025-04-08 01:00,28.1,56.0,1126,Sleeping
2025-04-08 01:10,25.8,58.2,873,Grooming
2025-04-08 01:20,28.4,60.0,1334,Sleeping
2025-04-08 01:30,28.8,55.7,2247,Grooming
2025-04-08 01:40,25.0,64.0,1618,Idle
2025-04-08 01:50,27.7,57.9,773,Idle
2025-04-08 02:00,31.3,56.5,2148,Sleeping
2025-04-08 02:10,27.9,60.3,1915,Sleeping
2025-04-08 02:20,28.5,55.6,1093,Sleeping
2025-04-08 02:30,28.9,57.5,1390,Sleeping
2025-04-08 02:40,29.6,61.0,1490,Sleeping
2025-04-08 02:50,25.4,64.8,865,Sleeping
2025-04-08 03:00,29.4,67.1,1871,Grooming
2025-04-08 03:10,27.8,60.8,1583,Sleeping
2025-04-08 03:20,27.4,64.8,1639,Sleeping
2025-04-08 03:30,29.0,58.9,1827,Sleeping
2025-04-08 03:40,30.5,64.4,2700,Grooming
2025-04-08 03:50,25.6,56.2,1574,Sleeping
2025-04-08 04:00,27.3,52.2,1291,Idle
2025-04-08 04:10,27.4,60.4,1810,Sleeping
2025-04-08 04:20,27.1,55.9,1123,Sleeping
2025-04-08 04:30,27.9,60.2,1287,Sleeping
2025-04-08 04:40,30.8,57.3,2047,Idle
2025-04-08 04:50,28.9,62.7,1195,Sleeping
2025-04-08 05:00,28.8,57.2,1897,Sleeping
2025-04-08 05:10,28.6,66.7,1663,Sleeping
2025-04-08 05:20,28.2,56.5,1127,Sleeping
2025-04-08 05:30,27.9,57.5,1009,Sleeping
2025-04-08 05:40,28.3,62.3,1446,Sleeping
2025-04-08 05:50,30.4,57.3,1823,Sleeping
2025-04-08 06:00,32.3,54.6,748,Eating
2025-04-08 06:10,30.0,59.2,1857,Eating
2025-04-08 06:20,27.1,63.2,2330,Eating
2025-04-08 06:30,27.8,69.7,1100,Grooming
2025-04-08 06:40,30.2,64.2,1079,Eating
2025-04-08 06:50,31.5,56.2,1672,Grooming
2025-04-08 07:00,29.6,55.9,2182,Grooming
2025-04-08 07:10,30.8,61.3,1069,Grooming
2025-04-08 07:20,28.7,60.5,2246,Grooming
2025-04-08 07:30,27.0,68.3,1447,Eating
2025-04-08 07:40,27.3,61.4,1081,Eating
2025-04-08 07:50,29.8,64.0,1635,Eating
2025-04-08 08:00,26.0,56.3,2334,Grooming
2025-04-08 08:10,30.8,55.9,2318,Eating
2025-04-08 08:20,25.0,65.2,2251,Eating
2025-04-08 08:30,26.6,58.1,1008,Eating
2025-04-08 08:40,26.9,65.6,1935,Grooming
2025-04-08 08:50,25.4,53.1,1971,Eating
2025-04-08 09:00,27.8,59.8,2403,Grooming
2025-04-08 09:10,28.7,59.9,1330,Eating
2025-04-08 09:20,26.8,52.2,1614,Eating
2025-04-08 09:30,27.9,65.4,963,Eating
2025-04-08 09:40,27.3,59.1,2019,Grooming
2025-04-08 09:50,26.3,61.7,1403,Eating
2025-04-08 10:00,25.7,51.7,1267,Grooming
2025-04-08 10:10,26.1,63.7,1378,Running
2025-04-08 10:20,25.1,62.8,1533,Eating
2025-04-08 10:30,30.6,65.5,1083,Idle
2025-04-08 10:40,28.6,57.4,822,Grooming
2025-04-08 10:50,29.5,59.7,2044,Idle
2025-04-08 11:00,28.2,56.6,1326,Running
2025-04-08 11:10,29.1,64.1,1201,Running
2025-04-08 11:20,29.4,59.5,1710,Running
2025-04-08 11:30,30.4,54.4,848,Idle
2025-04-08 11:40,26.9,60.9,2089,Grooming
2025-04-08 11:50,25.0,58.6,700,Idle
2025-04-08 12:00,29.4,66.1,1843,Idle
2025-04-08 12:10,25.9,62.3,1927,Grooming
2025-04-08 12:20,29.1,54.0,700,Eating
2025-04-08 12:30,25.7,59.4,1250,Eating
2025-04-08 12:40,25.8,67.4,1682,Eating
2025-04-08 12:50,27.8,54.6,1411,Grooming
2025-04-08 13:00,29.2,51.1,1429,Grooming
2025-04-08 13:10,26.9,61.9,700,Idle
2025-04-08 13:20,26.2,63.1,700,Idle
2025-04-08 13:30,30.0,58.6,1198,Running
2025-04-08 13:40,31.0,60.6,2633,Idle
2025-04-08 13:50,27.3,58.1,1737,Running
2025-04-08 14:00,29.7,52.7,2088,Idle
2025-04-08 14:10,30.2,60.3,934,Eating
2025-04-08 14:20,28.9,65.1,1200,Idle
2025-04-08 14:30,28.5,63.5,700,Idle
2025-04-08 14:40,30.2,59.8,1155,Idle
2025-04-08 14:50,28.2,64.0,1625,Running
2025-04-08 15:00,30.6,61.6,1792,Grooming
2025-04-08 15:10,30.1,63.6,2546,Idle
2025-04-08 15:20,30.4,61.4,2700,Idle
2025-04-08 15:30,29.2,52.8,1596,Idle
2025-04-08 15:40,27.0,62.8,2700,Idle
2025-04-08 15:50,25.2,68.3,2040,Eating
2025-04-08 16:00,32.2,61.1,1257,Eating
2025-04-08 16:10,27.6,61.2,2231,Grooming
2025-04-08 16:20,28.4,61.3,1466,Running
2025-04-08 16:30,28.2,58.6,1885,Running
2025-04-08 16:40,27.7,56.4,1300,Running
2025-04-08 16:50,29.0,64.9,1442,Running
2025-04-08 17:00,30.4,61.3,2273,Running
2025-04-08 17:10,29.6,55.3,1908,Running
2025-04-08 17:20,28.7,64.8,1638,Running
2025-04-08 17:30,32.5,61.8,2030,Running
2025-04-08 17:40,32.3,60.0,2131,Running
2025-04-08 17:50,26.2,62.0,1466,Running
2025-04-08 18:00,27.4,56.9,2557,Eating
2025-04-08 18:10,25.7,53.7,1956,Eating
2025-04-08 18:20,27.1,62.9,979,Eating
2025-04-08 18:30,27.1,62.6,989,Running
2025-04-08 18:40,28.8,63.8,2209,Eating
2025-04-08 18:50,25.4,58.2,1718,Eating
2025-04-08 19:00,29.4,61.6,1149,Running
2025-04-08 19:10,25.8,61.6,1376,Running
2025-04-08 19:20,25.5,60.9,1435,Running
2025-04-08 19:30,29.4,61.1,1647,Running
2025-04-08 19:40,28.0,59.7,801,Running
2025-04-08 19:50,27.3,57.8,1512,Running
2025-04-08 20:00,25.0,64.3,1510,Running
2025-04-08 20:10,27.1,58.4,2700,Running
2025-04-08 20:20,31.5,59.6,1218,Eating
2025-04-08 20:30,27.4,65.7,1482,Running
2025-04-08 20:40,26.6,70.0,1787,Eating
2025-04-08 20:50,25.0,51.7,1548,Running
2025-04-08 21:00,25.9,58.4,1132,Grooming
2025-04-08 21:10,26.9,63.3,1578,Sleeping
2025-04-08 21:20,28.6,59.4,1595,Sleeping
2025-04-08 21:30,27.9,56.4,1399,Sleeping
2025-04-08 21:40,28.6,65.3,1338,Grooming
2025-04-08 21:50,28.1,59.4,1645,Sleeping
2025-04-08 22:00,25.0,62.4,1106,Sleeping
2025-04-08 22:10,27.0,62.6,2359,Sleeping
2025-04-08 22:20,29.4,68.4,1635,Sleeping
2025-04-08 22:30,30.0,59.6,1782,Sleeping
2025-04-08 22:40,27.1,52.5,1546,Grooming
2025-04-08 22:50,27.1,63.2,1761,Sleeping
2025-04-08 23:00,30.2,68.3,1489,Sleeping
2025-04-08 23:10,32.0,60.1,1856,Sleeping
2025-04-08 23:20,28.8,61.3,2420,Grooming
2025-04-08 23:30,25.6,58.5,1447,Sleeping
2025-04-08 23:40,26.5,59.5,1376,Sleeping
2025-04-08 23:50,29.0,59.4,700,Sleeping
2025-04-09 00:00,27.6,62.0,1907,Sleeping
2025-04-09 00:10,27.8,63.4,1725,Sleeping
2025-04-09 00:20,27.0,62.2,700,Idle
2025-04-09 00:30,28.1,61.2,1498,Sleeping
2025-04-09 00:40,29.6,53.3,2700,Idle
2025-04-09 00:50,28.0,61.2,1848,Sleeping
2025-04-09 01:00,29.9,55.6,1061,Sleeping
2025-04-09 01:10,26.9,54.0,2467,Sleeping
2025-04-09 01:20,26.6,66.4,1347,Idle
2025-04-09 01:30,30.2,59.4,1888,Sleeping
2025-04-09 01:40,29.3,59.8,1203,Sleeping
2025-04-09 01:50,27.7,61.7,1762,Sleeping
2025-04-09 02:00,29.1,62.4,1339,Sleeping
2025-04-09 02:10,28.8,61.4,1737,Sleeping
2025-04-09 02:20,25.0,60.1,1777,Grooming
2025-04-09 02:30,29.0,58.7,2266,Idle
2025-04-09 02:40,29.0,59.1,1734,Sleeping
2025-04-09 02:50,27.5,65.6,1545,Grooming
2025-04-09 03:00,27.6,68.8,1298,Sleeping
2025-04-09 03:10,25.8,58.6,1050,Idle
2025-04-09 03:20,28.8,57.4,1884,Sleeping
2025-04-09 03:30,28.2,62.1,959,Grooming
2025-04-09 03:40,31.1,62.6,1729,Idle
2025-04-09 03:50,31.2,64.4,1905,Grooming
2025-04-09 04:00,27.0,62.9,2148,Idle
2025-04-09 04:10,27.5,65.1,1473,Grooming
2025-04-09 04:20,29.0,55.3,1549,Sleeping
2025-04-09 04:30,28.9,58.7,1274,Sleeping
2025-04-09 04:40,26.8,61.0,2610,Grooming
2025-04-09 04:50,29.2,60.4,1216,Sleeping
2025-04-09 05:00,27.4,60.1,1191,Sleeping
2025-04-09 05:10,25.5,65.3,1510,Sleeping
2025-04-09 05:20,27.6,58.4,1895,Sleeping
2025-04-09 05:30,26.7,64.5,1876,Sleeping
2025-04-09 05:40,28.5,57.6,950,Grooming
2025-04-09 05:50,27.9,58.7,1452,Sleeping
2025-04-09 06:00,27.2,56.0,1212,Eating
2025-04-09 06:10,28.4,57.6,1680,Eating
2025-04-09 06:20,26.1,65.2,2355,Eating
2025-04-09 06:30,25.0,58.2,1567,Grooming
2025-04-09 06:40,30.0,58.8,1304,Eating
2025-04-09 06:50,25.0,66.0,1128,Eating
2025-04-09 07:00,31.7,66.2,1912,Grooming
2025-04-09 07:10,26.9,60.7,1649,Eating
2025-04-09 07:20,28.2,60.5,1132,Eating
2025-04-09 07:30,28.7,63.4,1375,Eating
2025-04-09 07:40,27.4,60.6,1057,Eating
2025-04-09 07:50,26.1,57.3,1763,Eating
2025-04-09 08:00,28.0,62.9,1942,Eating
2025-04-09 08:10,29.1,61.7,1174,Eating
2025-04-09 08:20,27.3,56.6,1017,Eating
2025-04-09 08:30,29.5,60.7,1185,Eating
2025-04-09 08:40,26.7,59.9,1622,Eating
2025-04-09 08:50,32.5,57.4,1353,Grooming
2025-04-09 09:00,28.8,55.6,1690,Eating
2025-04-09 09:10,29.1,57.4,1212,Eating
2025-04-09 09:20,30.5,61.9,1901,Eating
2025-04-09 09:30,29.3,59.2,1308,Eating
2025-04-09 09:40,26.7,63.6,1579,Eating
2025-04-09 09:50,26.5,55.8,2157,Eating
2025-04-09 10:00,28.8,57.6,1381,Running
2025-04-09 10:10,30.9,60.8,2221,Idle
2025-04-09 10:20,32.4,54.1,2281,Grooming
2025-04-09 10:30,31.2,60.5,1635,Idle
2025-04-09 10:40,25.0,63.5,1140,Idle
2025-04-09 10:50,26.7,68.9,1436,Grooming
2025-04-09 11:00,27.4,57.1,1279,Running
2025-04-09 11:10,30.6,63.6,2068,Idle
2025-04-09 11:20,29.8,51.9,1102,Grooming
2025-04-09 11:30,26.7,54.0,2570,Idle
2025-04-09 11:40,29.4,63.3,1529,Running
2025-04-09 11:50,28.2,50.0,1935,Idle
2025-04-09 12:00,28.2,62.7,2055,Idle
2025-04-09 12:10,27.5,55.9,1341,Running
2025-04-09 12:20,28.0,53.7,1028,Idle
2025-04-09 12:30,29.9,51.6,2149,Grooming
2025-04-09 12:40,25.9,66.3,1912,Grooming
2025-04-09 12:50,30.5,60.0,2056,Idle
2025-04-09 13:00,28.8,53.9,1485,Eating
2025-04-09 13:10,25.5,63.2,1223,Grooming
2025-04-09 13:20,28.7,59.9,1758,Running
2025-04-09 13:30,26.8,64.1,1436,Running
2025-04-09 13:40,29.1,56.8,1805,Running
2025-04-09 13:50,28.0,53.4,1295,Idle
2025-04-09 14:00,26.0,55.6,1304,Running
2025-04-09 14:10,29.3,59.7,1607,Running
2025-04-09 14:20,25.0,62.3,1019,Grooming
2025-04-09 14:30,28.5,69.3,2046,Eating
2025-04-09 14:40,29.6,59.3,1445,Running
2025-04-09 14:50,26.6,61.4,2574,Grooming
2025-04-09 15:00,28.7,67.4,1278,Grooming
2025-04-09 15:10,27.4,63.3,2228,Eating
2025-04-09 15:20,27.7,61.2,1900,Running
2025-04-09 15:30,28.4,58.0,2386,Grooming
2025-04-09 15:40,28.9,59.9,994,Idle
2025-04-09 15:50,25.0,65.1,1114,Eating
2025-04-09 16:00,25.0,61.9,1288,Idle
2025-04-09 16:10,30.6,63.2,1938,Eating
2025-04-09 16:20,25.0,68.6,1368,Grooming
2025-04-09 16:30,30.1,68.2,1526,Idle
2025-04-09 16:40,27.1,59.0,1162,Running
2025-04-09 16:50,28.0,55.4,2643,Eating
2025-04-09 17:00,30.3,61.9,913,Running
2025-04-09 17:10,30.5,56.5,1415,Running
2025-04-09 17:20,25.2,59.3,1969,Eating
2025-04-09 17:30,28.4,65.7,1430,Eating
2025-04-09 17:40,26.7,60.6,700,Eating
2025-04-09 17:50,28.1,59.4,1200,Running
2025-04-09 18:00,29.7,64.2,1769,Running
2025-04-09 18:10,26.8,57.5,1455,Running
2025-04-09 18:20,28.2,60.2,1327,Running
2025-04-09 18:30,28.4,65.9,1790,Running
2025-04-09 18:40,27.1,50.7,1810,Eating
2025-04-09 18:50,31.5,65.4,1254,Eating
2025-04-09 19:00,30.0,55.8,1913,Running
2025-04-09 19:10,28.9,63.1,1489,Running
2025-04-09 19:20,30.4,62.0,2156,Eating
2025-04-09 19:30,26.9,59.0,1099,Running
2025-04-09 19:40,28.1,59.3,1294,Running
2025-04-09 19:50,28.5,58.4,1782,Running
2025-04-09 20:00,29.9,59.7,1141,Running
2025-04-09 20:10,29.7,58.8,1176,Running
2025-04-09 20:20,27.9,65.5,2217,Eating
2025-04-09 20:30,27.6,61.5,1551,Running
2025-04-09 20:40,28.1,64.8,1176,Running
2025-04-09 20:50,27.6,60.1,1814,Running
2025-04-09 21:00,28.9,61.1,1626,Sleeping
2025-04-09 21:10,27.3,56.6,1195,Sleeping
2025-04-09 21:20,25.0,53.8,2171,Sleeping
2025-04-09 21:30,29.5,63.2,841,Grooming
2025-04-09 21:40,29.1,52.1,1692,Idle
2025-04-09 21:50,27.5,64.9,1846,Sleeping
2025-04-09 22:00,28.5,53.4,1488,Sleeping
2025-04-09 22:10,28.5,55.3,2185,Idle
2025-04-09 22:20,30.5,63.8,2403,Sleeping
2025-04-09 22:30,29.9,68.0,1757,Grooming
2025-04-09 22:40,27.5,61.6,2460,Idle
2025-04-09 22:50,29.6,62.9,971,Sleeping
2025-04-09 23:00,29.8,64.7,1725,Sleeping
2025-04-09 23:10,26.7,62.9,1025,Sleeping
2025-04-09 23:20,29.4,53.5,1014,Idle
2025-04-09 23:30,26.1,63.9,1441,Sleeping
2025-04-09 23:40,25.6,65.5,1891,Grooming
2025-04-09 23:50,29.1,59.5,1989,Sleeping
2025-04-10 00:00,27.3,58.1,2233,Idle
2025-04-10 00:10,28.1,53.5,1811,Idle
2025-04-10 00:20,30.6,56.6,1578,Idle
2025-04-10 00:30,29.4,55.8,1761,Sleeping
2025-04-10 00:40,31.2,60.3,1752,Idle
2025-04-10 00:50,31.5,60.8,1790,Grooming
2025-04-10 01:00,27.4,68.3,892,Grooming
2025-04-10 01:10,26.4,58.4,1301,Sleeping
2025-04-10 01:20,25.6,57.6,2197,Idle
2025-04-10 01:30,25.8,54.6,1836,Idle
2025-04-10 01:40,31.7,60.7,1690,Grooming
2025-04-10 01:50,28.6,64.4,2319,Grooming
2025-04-10 02:00,27.4,60.0,1541,Sleeping
2025-04-10 02:10,28.3,60.2,2252,Idle
2025-04-10 02:20,30.9,61.4,1762,Grooming
2025-04-10 02:30,25.7,54.4,1358,Idle
2025-04-10 02:40,32.3,58.3,1264,Grooming
2025-04-10 02:50,26.3,64.7,1555,Sleeping
2025-04-10 03:00,28.7,67.3,1912,Idle
2025-04-10 03:10,25.0,59.1,850,Grooming
2025-04-10 03:20,29.3,66.9,1606,Sleeping
2025-04-10 03:30,29.9,59.7,1765,Sleeping
2025-04-10 03:40,25.4,62.5,1356,Sleeping
2025-04-10 03:50,25.2,59.1,1640,Idle
2025-04-10 04:00,30.8,57.4,2180,Grooming
2025-04-10 04:10,26.7,57.7,1020,Sleeping
2025-04-10 04:20,28.1,52.1,1866,Grooming
2025-04-10 04:30,26.4,58.3,1740,Sleeping
2025-04-10 04:40,27.8,59.8,1545,Sleeping
2025-04-10 04:50,26.4,57.8,1400,Sleeping
2025-04-10 05:00,25.0,61.8,2245,Idle
2025-04-10 05:10,25.0,57.9,1242,Sleeping
2025-04-10 05:20,28.5,61.6,2054,Sleeping
2025-04-10 05:30,28.8,58.0,1913,Sleeping
2025-04-10 05:40,27.9,58.9,1661,Sleeping
2025-04-10 05:50,26.9,61.6,1699,Sleeping
2025-04-10 06:00,29.2,55.4,1601,Eating
2025-04-10 06:10,27.5,54.1,1786,Eating
2025-04-10 06:20,26.7,55.5,1916,Eating
2025-04-10 06:30,28.6,66.1,1894,Grooming
2025-04-10 06:40,30.0,57.7,2028,Grooming
2025-04-10 06:50,28.8,57.5,1438,Eating
2025-04-10 07:00,29.1,61.5,700,Eating
2025-04-10 07:10,25.2,57.6,1633,Grooming
2025-04-10 07:20,25.1,56.1,2015,Eating
2025-04-10 07:30,29.2,57.1,1588,Eating
2025-04-10 07:40,29.3,51.9,2358,Grooming
2025-04-10 07:50,26.6,58.8,709,Grooming
2025-04-10 08:00,25.0,55.6,1207,Eating
2025-04-10 08:10,29.9,63.4,1524,Eating
2025-04-10 08:20,28.4,62.7,1477,Eating
2025-04-10 08:30,29.6,59.0,1805,Eating
2025-04-10 08:40,25.0,57.6,1775,Eating
2025-04-10 08:50,29.5,64.7,2069,Eating
2025-04-10 09:00,27.8,57.3,1052,Eating
2025-04-10 09:10,28.5,63.4,1243,Eating
2025-04-10 09:20,27.3,51.8,936,Eating
2025-04-10 09:30,28.2,57.1,2598,Eating
2025-04-10 09:40,26.1,62.0,1198,Eating
2025-04-10 09:50,31.8,63.3,1952,Grooming
2025-04-10 10:00,26.9,61.1,2504,Eating
2025-04-10 10:10,26.1,63.5,2029,Grooming
2025-04-10 10:20,26.6,65.5,1385,Idle
2025-04-10 10:30,30.3,60.9,2466,Eating
2025-04-10 10:40,29.7,56.9,1497,Running
2025-04-10 10:50,27.3,56.3,1511,Running
2025-04-10 11:00,31.3,61.5,2660,Eating
2025-04-10 11:10,27.7,55.4,2062,Idle
2025-04-10 11:20,30.9,57.9,1178,Eating
2025-04-10 11:30,30.9,59.0,1141,Grooming
2025-04-10 11:40,28.6,57.0,1354,Running
2025-04-10 11:50,26.4,61.3,1913,Running
2025-04-10 12:00,25.0,55.7,1644,Eating
2025-04-10 12:10,28.9,60.0,2356,Grooming
2025-04-10 12:20,31.2,61.0,2367,Grooming
2025-04-10 12:30,25.0,61.7,1848,Idle
2025-04-10 12:40,27.9,61.8,1331,Running
2025-04-10 12:50,29.6,58.2,1950,Running
2025-04-10 13:00,27.3,61.4,1644,Running
2025-04-10 13:10,30.1,60.5,2217,Idle
2025-04-10 13:20,25.4,54.7,2429,Eating
2025-04-10 13:30,28.4,58.2,1961,Running
2025-04-10 13:40,25.2,57.0,1908,Grooming
2025-04-10 13:50,25.0,54.8,1413,Eating
2025-04-10 14:00,26.7,59.3,1762,Running
2025-04-10 14:10,27.6,64.0,1620,Running
2025-04-10 14:20,26.7,57.0,1210,Running
2025-04-10 14:30,27.3,58.8,1579,Running
2025-04-10 14:40,28.6,62.7,1230,Running
2025-04-10 14:50,29.0,63.8,1158,Running
2025-04-10 15:00,32.2,64.4,1804,Eating
2025-04-10 15:10,25.0,66.6,1176,Grooming
2025-04-10 15:20,25.0,68.7,1206,Idle
2025-04-10 15:30,27.9,50.0,1746,Eating
2025-04-10 15:40,30.2,57.8,978,Idle
2025-04-10 15:50,29.6,57.5,2002,Idle
2025-04-10 16:00,28.9,66.3,998,Eating
2025-04-10 16:10,29.0,60.8,1497,Running
2025-04-10 16:20,29.4,56.4,1810,Running
2025-04-10 16:30,29.1,61.1,1861,Running
2025-04-10 16:40,28.0,66.0,2300,Idle
2025-04-10 16:50,25.8,59.2,1654,Grooming
2025-04-10 17:00,31.3,62.0,1147,Running
2025-04-10 17:10,27.5,60.2,1274,Running
2025-04-10 17:20,25.7,62.1,1920,Eating
2025-04-10 17:30,26.6,62.4,1949,Running
2025-04-10 17:40,30.6,57.8,1679,Eating
2025-04-10 17:50,30.3,66.0,1616,Running
2025-04-10 18:00,26.9,57.8,1113,Running
2025-04-10 18:10,30.0,56.1,2622,Running
2025-04-10 18:20,29.5,57.3,1329,Running
2025-04-10 18:30,32.7,64.1,2562,Running
2025-04-10 18:40,25.0,55.3,1809,Running
2025-04-10 18:50,25.0,58.5,1429,Eating
2025-04-10 19:00,28.1,70.0,1312,Running
2025-04-10 19:10,27.2,56.8,1497,Running
2025-04-10 19:20,30.9,58.3,2204,Running
2025-04-10 19:30,28.8,61.7,1271,Running
2025-04-10 19:40,29.7,54.8,1719,Running
2025-04-10 19:50,27.5,61.1,1541,Running
2025-04-10 20:00,28.2,63.8,1342,Running
2025-04-10 20:10,31.1,60.7,2544,Running
2025-04-10 20:20,26.3,62.7,2700,Running
2025-04-10 20:30,27.9,55.1,1895,Running
2025-04-10 20:40,25.8,60.3,2657,Eating
2025-04-10 20:50,30.8,58.8,1585,Eating
2025-04-10 21:00,30.0,62.7,1716,Sleeping
2025-04-10 21:10,31.8,66.3,1499,Idle
2025-04-10 21:20,30.6,59.2,1721,Grooming
2025-04-10 21:30,26.8,59.0,998,Sleeping
2025-04-10 21:40,26.1,69.1,1758,Idle
2025-04-10 21:50,29.3,62.3,1725,Sleeping
2025-04-10 22:00,29.7,55.7,2094,Idle
2025-04-10 22:10,27.7,53.4,1837,Idle
2025-04-10 22:20,28.3,56.7,1507,Sleeping
2025-04-10 22:30,27.1,62.3,765,Sleeping
2025-04-10 22:40,31.3,60.9,1282,Idle
2025-04-10 22:50,27.5,52.1,1689,Grooming
2025-04-10 23:00,27.7,61.4,1009,Sleeping
2025-04-10 23:10,31.7,61.7,2546,Sleeping
2025-04-10 23:20,30.3,65.0,2278,Sleeping
2025-04-10 23:30,28.9,60.5,1053,Sleeping
2025-04-10 23:40,28.2,55.9,1596,Sleeping
2025-04-10 23:50,27.4,65.9,1397,Grooming
2025-04-11 00:00,26.7,66.3,1206,Idle
2025-04-11 00:10,28.3,68.4,1528,Idle
2025-04-11 00:20,25.1,59.1,1411,Grooming
2025-04-11 00:30,33.0,61.2,960,Sleeping
2025-04-11 00:40,29.6,64.0,1244,Sleeping
2025-04-11 00:50,30.4,61.5,1918,Grooming
2025-04-11 01:00,25.9,57.4,1749,Grooming
2025-04-11 01:10,28.0,63.0,1846,Sleeping
2025-04-11 01:20,31.8,61.7,1712,Grooming
2025-04-11 01:30,31.0,54.1,2215,Sleeping
2025-04-11 01:40,26.0,58.9,1683,Sleeping
2025-04-11 01:50,28.9,64.3,1652,Sleeping
2025-04-11 02:00,27.6,62.8,2078,Grooming
2025-04-11 02:10,31.8,60.5,2105,Idle
2025-04-11 02:20,29.9,61.0,2107,Sleeping
2025-04-11 02:30,30.3,58.8,2463,Grooming
2025-04-11 02:40,26.3,60.3,1257,Sleeping
2025-04-11 02:50,25.0,64.1,1608,Sleeping
2025-04-11 03:00,33.0,55.3,2598,Sleeping
2025-04-11 03:10,26.1,59.2,1270,Sleeping
2025-04-11 03:20,27.2,66.5,1614,Idle
2025-04-11 03:30,29.0,59.2,1352,Sleeping
2025-04-11 03:40,26.5,56.9,1229,Sleeping
2025-04-11 03:50,26.8,61.2,1550,Sleeping
2025-04-11 04:00,27.1,58.2,2259,Sleeping
2025-04-11 04:10,28.8,59.0,1727,Sleeping
2025-04-11 04:20,31.7,54.7,1374,Idle
2025-04-11 04:30,26.7,53.2,1594,Grooming
2025-04-11 04:40,28.8,59.3,1146,Sleeping
2025-04-11 04:50,25.0,62.8,1068,Sleeping
2025-04-11 05:00,26.3,55.5,1917,Sleeping
2025-04-11 05:10,29.4,59.7,1632,Sleeping
2025-04-11 05:20,27.9,58.7,1296,Sleeping
2025-04-11 05:30,25.0,59.6,1711,Idle
2025-04-11 05:40,25.7,59.7,2130,Idle
2025-04-11 05:50,26.9,57.8,2334,Idle
2025-04-11 06:00,25.3,54.2,2001,Eating
2025-04-11 06:10,28.8,59.9,2088,Grooming
2025-04-11 06:20,26.9,62.3,1512,Eating
2025-04-11 06:30,27.4,63.4,2196,Grooming
2025-04-11 06:40,28.9,60.6,1129,Eating
2025-04-11 06:50,30.3,67.2,797,Eating
2025-04-11 07:00,30.6,60.5,1874,Eating
2025-04-11 07:10,27.7,55.8,1773,Eating
2025-04-11 07:20,27.9,61.1,1558,Eating
2025-04-11 07:30,28.4,60.7,1343,Eating
2025-04-11 07:40,27.6,56.7,1035,Eating
2025-04-11 07:50,29.6,62.4,1672,Eating
2025-04-11 08:00,28.2,60.4,960,Grooming
2025-04-11 08:10,27.3,63.1,2559,Eating
2025-04-11 08:20,28.6,59.3,1454,Eating
2025-04-11 08:30,27.7,61.9,700,Grooming
2025-04-11 08:40,28.4,59.3,1723,Eating
2025-04-11 08:50,26.4,53.5,2313,Grooming
2025-04-11 09:00,26.1,62.4,1756,Eating
2025-04-11 09:10,30.5,64.4,1688,Grooming
2025-04-11 09:20,25.0,56.6,1756,Eating
2025-04-11 09:30,32.7,61.7,700,Eating
2025-04-11 09:40,28.0,62.4,741,Eating
2025-04-11 09:50,26.4,60.1,700,Eating
2025-04-11 10:00,26.5,57.3,2232,Idle
2025-04-11 10:10,25.8,65.9,943,Idle
2025-04-11 10:20,25.0,59.3,1409,Grooming
2025-04-11 10:30,27.8,62.0,2700,Idle
2025-04-11 10:40,29.7,64.8,1221,Running
2025-04-11 10:50,25.7,63.1,1651,Idle
2025-04-11 11:00,30.3,59.3,2219,Grooming
2025-04-11 11:10,27.1,58.1,2357,Idle
2025-04-11 11:20,27.1,60.1,1297,Running
2025-04-11 11:30,25.1,67.8,1930,Grooming
2025-04-11 11:40,29.0,65.8,2580,Idle
2025-04-11 11:50,26.3,53.0,1879,Eating
2025-04-11 12:00,25.0,63.5,2155,Idle
2025-04-11 12:10,27.9,56.2,2063,Eating
2025-04-11 12:20,27.5,66.2,1377,Grooming
2025-04-11 12:30,25.3,60.6,2283,Idle
2025-04-11 12:40,27.7,59.9,2302,Grooming
2025-04-11 12:50,26.2,61.4,2367,Idle
2025-04-11 13:00,29.0,60.8,1681,Running
2025-04-11 13:10,30.8,60.4,2029,Grooming
2025-04-11 13:20,27.6,65.3,2013,Eating
2025-04-11 13:30,28.2,58.5,1967,Running
2025-04-11 13:40,30.8,62.2,2030,Idle
2025-04-11 13:50,29.9,61.6,2191,Grooming
2025-04-11 14:00,29.9,70.0,966,Grooming
2025-04-11 14:10,29.4,63.7,1515,Running
2025-04-11 14:20,27.0,58.6,1858,Running
2025-04-11 14:30,28.3,60.2,1728,Running
2025-04-11 14:40,30.7,64.7,2029,Idle
2025-04-11 14:50,27.0,61.7,1892,Running
2025-04-11 15:00,32.9,58.1,765,Grooming
2025-04-11 15:10,25.0,61.1,2700,Eating
2025-04-11 15:20,25.1,57.6,1425,Eating
2025-04-11 15:30,29.5,54.4,2105,Idle
2025-04-11 15:40,27.4,55.5,2018,Idle
2025-04-11 15:50,31.1,62.5,1217,Eating
2025-04-11 16:00,29.8,55.2,1313,Running
2025-04-11 16:10,30.3,56.2,2139,Eating
2025-04-11 16:20,28.3,64.6,1707,Running
2025-04-11 16:30,25.0,60.0,1385,Idle
2025-04-11 16:40,29.5,62.7,2154,Idle
2025-04-11 16:50,27.9,63.4,1277,Running
2025-04-11 17:00,25.4,55.8,700,Eating
2025-04-11 17:10,27.8,56.4,1757,Running
2025-04-11 17:20,30.5,61.5,2445,Running
2025-04-11 17:30,30.3,60.0,1634,Running
2025-04-11 17:40,25.5,56.7,1504,Eating
2025-04-11 17:50,29.5,63.9,2164,Eating
2025-04-11 18:00,25.0,63.0,911,Eating
2025-04-11 18:10,29.1,57.8,1931,Running
2025-04-11 18:20,31.6,67.3,1706,Running
2025-04-11 18:30,26.5,57.6,700,Eating
2025-04-11 18:40,26.2,58.7,1134,Running
2025-04-11 18:50,25.0,68.3,700,Eating
2025-04-11 19:00,26.5,56.0,1499,Running
2025-04-11 19:10,29.5,59.0,2221,Running
2025-04-11 19:20,27.2,58.5,1862,Running
2025-04-11 19:30,31.7,51.0,1745,Eating
2025-04-11 19:40,27.5,54.4,1996,Eating
2025-04-11 19:50,27.0,58.9,700,Running
2025-04-11 20:00,26.1,63.4,1312,Running
2025-04-11 20:10,28.5,57.1,1842,Running
2025-04-11 20:20,28.5,63.9,1379,Running
2025-04-11 20:30,29.2,58.4,1990,Running
2025-04-11 20:40,31.4,62.9,1757,Running
2025-04-11 20:50,27.3,59.9,1976,Running
2025-04-11 21:00,25.4,57.9,1181,Idle
2025-04-11 21:10,27.4,58.2,1931,Sleeping
2025-04-11 21:20,28.7,61.6,2087,Sleeping
2025-04-11 21:30,29.4,61.5,1594,Sleeping
2025-04-11 21:40,27.8,59.0,1202,Sleeping
2025-04-11 21:50,28.3,61.3,1901,Sleeping
2025-04-11 22:00,27.9,53.8,1214,Idle
2025-04-11 22:10,27.7,59.4,700,Sleeping
2025-04-11 22:20,25.3,55.2,1511,Sleeping
2025-04-11 22:30,26.6,61.9,1474,Sleeping
2025-04-11 22:40,27.5,54.9,1033,Idle
2025-04-11 22:50,26.6,59.5,700,Sleeping
2025-04-11 23:00,26.4,57.7,2156,Sleeping
2025-04-11 23:10,29.0,60.1,2493,Idle
2025-04-11 23:20,31.1,56.9,1300,Sleeping
2025-04-11 23:30,28.3,65.9,700,Idle
2025-04-11 23:40,31.2,59.7,1249,Sleeping
2025-04-11 23:50,29.2,60.3,1487,Sleeping
2025-04-12 00:00,31.8,59.7,2101,Sleeping
2025-04-12 00:10,31.3,61.1,1530,Sleeping
2025-04-12 00:20,28.6,65.0,1097,Sleeping
2025-04-12 00:30,26.6,66.7,1675,Sleeping
2025-04-12 00:40,25.0,64.3,974,Idle
2025-04-12 00:50,30.3,59.4,1324,Sleeping
2025-04-12 01:00,27.9,58.4,1384,Sleeping
2025-04-12 01:10,26.4,59.5,2377,Grooming
2025-04-12 01:20,30.2,58.6,2082,Sleeping
2025-04-12 01:30,28.4,61.3,1686,Sleeping
2025-04-12 01:40,25.0,63.1,785,Idle
2025-04-12 01:50,29.7,62.1,1990,Sleeping
2025-04-12 02:00,26.5,55.3,1184,Sleeping
2025-04-12 02:10,27.6,50.7,1217,Idle
2025-04-12 02:20,32.4,65.8,1731,Idle
2025-04-12 02:30,29.6,60.3,1364,Sleeping
2025-04-12 02:40,25.1,60.5,1760,Idle
2025-04-12 02:50,25.8,54.7,1986,Idle
2025-04-12 03:00,28.2,61.0,1557,Sleeping
2025-04-12 03:10,31.4,57.7,1858,Sleeping
2025-04-12 03:20,26.3,58.6,2080,Grooming
2025-04-12 03:30,27.6,60.3,1439,Sleeping
2025-04-12 03:40,25.0,61.6,1391,Sleeping
2025-04-12 03:50,26.1,60.5,1164,Sleeping
2025-04-12 04:00,28.5,57.9,2173,Sleeping
2025-04-12 04:10,25.7,62.7,1651,Grooming
2025-04-12 04:20,29.2,55.6,1852,Sleeping
2025-04-12 04:30,27.6,58.8,1460,Sleeping
2025-04-12 04:40,28.0,58.6,1113,Sleeping
2025-04-12 04:50,27.3,60.2,1255,Sleeping
2025-04-12 05:00,30.2,56.2,1887,Sleeping
2025-04-12 05:10,27.1,56.4,1378,Sleeping
2025-04-12 05:20,26.4,62.2,1695,Sleeping
2025-04-12 05:30,28.4,52.1,1471,Sleeping
2025-04-12 05:40,31.2,57.1,1712,Idle
2025-04-12 05:50,25.0,64.2,1612,Grooming
2025-04-12 06:00,29.1,67.1,1516,Grooming
2025-04-12 06:10,25.0,56.6,1855,Grooming
2025-04-12 06:20,26.7,60.3,1019,Eating
2025-04-12 06:30,30.7,54.6,2119,Grooming
2025-04-12 06:40,29.2,60.7,1071,Eating
2025-04-12 06:50,28.3,61.8,1819,Eating
2025-04-12 07:00,27.9,61.6,1392,Eating
2025-04-12 07:10,28.0,63.6,1380,Eating
2025-04-12 07:20,26.4,62.8,1516,Eating
2025-04-12 07:30,27.2,58.6,1938,Eating
2025-04-12 07:40,28.8,63.1,1753,Eating
2025-04-12 07:50,30.3,67.5,1100,Eating
2025-04-12 08:00,27.9,60.3,1191,Eating
2025-04-12 08:10,28.8,55.7,700,Eating
2025-04-12 08:20,27.6,58.9,1616,Eating
2025-04-12 08:30,29.8,59.9,1574,Eating
2025-04-12 08:40,30.7,60.7,1323,Eating
2025-04-12 08:50,29.8,62.9,1187,Eating
2025-04-12 09:00,28.0,61.5,2170,Grooming
2025-04-12 09:10,26.7,63.8,1378,Eating
2025-04-12 09:20,25.2,55.6,1266,Eating
2025-04-12 09:30,30.3,59.4,700,Eating
2025-04-12 09:40,31.4,59.4,1667,Grooming
2025-04-12 09:50,29.5,57.1,2630,Grooming
2025-04-12 10:00,27.8,62.7,2291,Idle
2025-04-12 10:10,29.5,62.4,1257,Running
2025-04-12 10:20,28.9,63.6,1276,Running
2025-04-12 10:30,27.0,55.2,1441,Running
2025-04-12 10:40,29.6,56.0,1378,Running
2025-04-12 10:50,27.8,65.2,1354,Grooming
2025-04-12 11:00,27.8,63.2,1217,Running
2025-04-12 11:10,28.0,61.9,2700,Eating
2025-04-12 11:20,28.7,54.4,2344,Eating
2025-04-12 11:30,27.5,57.9,1410,Running
2025-04-12 11:40,30.0,56.1,1357,Running
2025-04-12 11:50,29.4,61.1,920,Idle
2025-04-12 12:00,26.5,56.2,2074,Grooming
2025-04-12 12:10,28.6,57.5,1897,Running
2025-04-12 12:20,28.9,56.2,1633,Running
2025-04-12 12:30,29.7,50.8,1664,Grooming
2025-04-12 12:40,26.0,55.6,2011,Eating
2025-04-12 12:50,30.5,63.0,1626,Idle
2025-04-12 13:00,31.8,57.0,1339,Eating
2025-04-12 13:10,26.3,61.6,973,Idle
2025-04-12 13:20,29.3,63.5,2142,Grooming
2025-04-12 13:30,27.8,56.2,1854,Running
2025-04-12 13:40,26.0,58.8,1075,Running
2025-04-12 13:50,27.5,57.3,1551,Running
2025-04-12 14:00,26.4,55.0,2381,Idle
2025-04-12 14:10,28.1,61.0,1953,Running
2025-04-12 14:20,29.9,58.2,1675,Running
2025-04-12 14:30,27.2,55.1,1518,Running
2025-04-12 14:40,26.3,57.8,947,Idle
2025-04-12 14:50,25.2,51.9,1907,Eating
2025-04-12 15:00,25.4,57.5,700,Idle
2025-04-12 15:10,28.4,60.2,1302,Running
2025-04-12 15:20,27.9,57.2,700,Eating
2025-04-12 15:30,27.6,54.4,700,Grooming
2025-04-12 15:40,28.2,65.3,2181,Grooming
2025-04-12 15:50,28.0,50.0,1823,Eating
2025-04-12 16:00,29.4,59.6,2664,Idle
2025-04-12 16:10,30.7,60.7,1329,Eating
2025-04-12 16:20,25.0,56.5,2700,Grooming
2025-04-12 16:30,25.4,55.8,700,Idle
2025-04-12 16:40,27.2,66.1,1078,Eating
2025-04-12 16:50,25.9,57.5,1394,Idle
2025-04-12 17:00,25.9,56.7,1789,Running
2025-04-12 17:10,29.7,56.9,1627,Running
2025-04-12 17:20,25.0,55.5,2043,Running
2025-04-12 17:30,26.8,54.4,1741,Eating
2025-04-12 17:40,26.9,58.6,1475,Running
2025-04-12 17:50,28.2,59.7,1378,Running
2025-04-12 18:00,27.2,62.1,1678,Running
2025-04-12 18:10,31.7,59.6,917,Eating
2025-04-12 18:20,26.6,61.1,1642,Running
2025-04-12 18:30,25.6,64.2,1409,Eating
2025-04-12 18:40,30.1,62.3,1410,Running
2025-04-12 18:50,28.1,59.7,1533,Running
2025-04-12 19:00,30.6,57.4,1375,Running
2025-04-12 19:10,27.0,58.3,1471,Running
2025-04-12 19:20,25.0,56.4,1760,Eating
2025-04-12 19:30,27.1,62.4,1623,Running
2025-04-12 19:40,28.5,56.7,2062,Running
2025-04-12 19:50,29.0,58.7,1908,Running
2025-04-12 20:00,26.1,64.7,1800,Running
2025-04-12 20:10,26.7,60.3,1080,Running
2025-04-12 20:20,29.5,56.5,1310,Running
2025-04-12 20:30,29.7,63.8,1777,Running
2025-04-12 20:40,30.1,55.5,2162,Eating
2025-04-12 20:50,26.2,69.5,1716,Running
2025-04-12 21:00,30.1,61.6,1776,Grooming
2025-04-12 21:10,31.1,55.4,1469,Sleeping
2025-04-12 21:20,30.2,58.4,2166,Idle
2025-04-12 21:30,25.7,55.7,700,Sleeping
2025-04-12 21:40,27.4,59.5,1327,Sleeping
2025-04-12 21:50,25.6,65.2,1757,Grooming
2025-04-12 22:00,26.3,58.0,1357,Sleeping
2025-04-12 22:10,29.6,62.0,1222,Sleeping
2025-04-12 22:20,29.6,66.4,2249,Sleeping
2025-04-12 22:30,29.1,60.2,2047,Idle
2025-04-12 22:40,25.6,55.8,1447,Sleeping
2025-04-12 22:50,29.2,57.3,854,Idle
2025-04-12 23:00,29.4,62.0,2700,Grooming
2025-04-12 23:10,26.7,60.0,2548,Sleeping
2025-04-12 23:20,25.1,52.9,1468,Idle
2025-04-12 23:30,29.3,58.9,1841,Sleeping
2025-04-12 23:40,25.1,69.9,960,Grooming
2025-04-12 23:50,27.5,63.8,1682,Sleeping
2025-04-13 00:00,27.5,62.9,1447,Sleeping
2025-04-13 00:10,33.3,59.7,1599,Idle
2025-04-13 00:20,25.9,59.2,1757,Idle
2025-04-13 00:30,27.6,64.4,1472,Sleeping
2025-04-13 00:40,25.0,62.8,2249,Idle
2025-04-13 00:50,25.0,64.6,1970,Sleeping
2025-04-13 01:00,27.4,60.7,1772,Sleeping
2025-04-13 01:10,25.7,62.4,1265,Idle
2025-04-13 01:20,28.8,56.1,1672,Sleeping
2025-04-13 01:30,27.6,66.2,1049,Idle
2025-04-13 01:40,30.1,56.1,1605,Idle
2025-04-13 01:50,26.0,60.9,1946,Sleeping
2025-04-13 02:00,31.6,61.9,1234,Idle
2025-04-13 02:10,30.0,62.3,2519,Sleeping
2025-04-13 02:20,25.0,69.7,1265,Grooming
2025-04-13 02:30,29.5,58.0,971,Grooming
2025-04-13 02:40,29.0,61.5,1534,Sleeping
2025-04-13 02:50,29.2,55.5,1998,Sleeping
2025-04-13 03:00,29.6,63.3,1862,Sleeping
2025-04-13 03:10,28.5,64.0,1156,Sleeping
2025-04-13 03:20,27.7,57.5,1857,Sleeping
2025-04-13 03:30,29.8,58.7,1695,Sleeping
2025-04-13 03:40,25.6,61.6,1432,Grooming
2025-04-13 03:50,29.3,59.7,2048,Grooming
2025-04-13 04:00,29.5,60.0,1478,Sleeping
2025-04-13 04:10,31.4,62.3,2179,Grooming
2025-04-13 04:20,26.8,57.7,1590,Sleeping
2025-04-13 04:30,26.1,66.7,1150,Sleeping
2025-04-13 04:40,31.4,59.0,1448,Grooming
2025-04-13 04:50,32.2,59.1,1817,Grooming
2025-04-13 05:00,30.9,63.2,1966,Idle
2025-04-13 05:10,25.0,64.4,2103,Idle
2025-04-13 05:20,25.2,52.2,1267,Grooming
2025-04-13 05:30,27.8,56.3,1409,Sleeping
2025-04-13 05:40,27.8,62.6,926,Idle
2025-04-13 05:50,29.2,57.2,877,Sleeping
2025-04-13 06:00,31.3,61.2,1693,Eating
2025-04-13 06:10,26.7,58.2,1981,Eating
2025-04-13 06:20,29.6,64.0,1269,Eating
2025-04-13 06:30,29.2,58.4,1443,Eating
2025-04-13 06:40,25.3,58.4,1186,Eating
2025-04-13 06:50,26.3,66.6,803,Grooming
2025-04-13 07:00,29.3,57.3,2055,Eating
2025-04-13 07:10,28.4,58.5,1041,Eating
2025-04-13 07:20,25.0,68.5,2261,Grooming
2025-04-13 07:30,29.4,60.5,2252,Grooming
2025-04-13 07:40,25.0,56.6,853,Grooming
2025-04-13 07:50,26.2,60.3,700,Grooming
2025-04-13 08:00,27.7,56.9,2234,Grooming
2025-04-13 08:10,26.3,62.4,2097,Eating
2025-04-13 08:20,28.5,61.4,1298,Eating
2025-04-13 08:30,26.1,64.5,2116,Eating
2025-04-13 08:40,30.1,58.8,796,Eating
2025-04-13 08:50,25.7,54.5,1301,Grooming
2025-04-13 09:00,28.3,64.4,1734,Eating
2025-04-13 09:10,29.4,62.1,2190,Eating
2025-04-13 09:20,29.6,60.7,1388,Eating
2025-04-13 09:30,29.8,62.8,2328,Eating
2025-04-13 09:40,25.0,63.0,1401,Eating
2025-04-13 09:50,29.6,58.0,927,Eating
2025-04-13 10:00,27.2,53.4,1910,Eating
2025-04-13 10:10,29.7,58.7,2111,Idle
2025-04-13 10:20,30.7,59.2,1198,Idle
2025-04-13 10:30,28.0,57.5,2100,Grooming
2025-04-13 10:40,30.4,63.5,1622,Grooming
2025-04-13 10:50,31.4,57.8,1400,Eating
2025-04-13 11:00,26.5,60.1,738,Grooming
2025-04-13 11:10,25.1,57.4,700,Grooming
2025-04-13 11:20,28.5,64.6,2199,Grooming
2025-04-13 11:30,25.0,59.0,753,Grooming
2025-04-13 11:40,29.0,61.3,1463,Running
2025-04-13 11:50,28.5,59.1,1272,Running
2025-04-13 12:00,26.1,60.8,1404,Running
2025-04-13 12:10,28.4,61.2,1992,Running
2025-04-13 12:20,25.6,68.8,1457,Grooming
2025-04-13 12:30,30.4,64.0,2241,Idle
2025-04-13 12:40,25.3,64.8,828,Grooming
2025-04-13 12:50,25.3,53.6,700,Eating
2025-04-13 13:00,28.7,60.3,700,Grooming
2025-04-13 13:10,25.0,59.1,2172,Eating
2025-04-13 13:20,26.4,55.1,1441,Running
2025-04-13 13:30,25.6,56.0,1615,Eating
2025-04-13 13:40,25.9,58.6,1212,Grooming
2025-04-13 13:50,25.1,50.5,1470,Idle
2025-04-13 14:00,25.9,61.6,1654,Idle
2025-04-13 14:10,25.0,57.3,1790,Grooming
2025-04-13 14:20,31.1,56.5,1456,Eating
2025-04-13 14:30,30.4,67.9,1415,Grooming
2025-04-13 14:40,28.9,62.5,1588,Running
2025-04-13 14:50,29.8,50.0,1788,Grooming
2025-04-13 15:00,28.3,57.1,1415,Running
2025-04-13 15:10,28.9,59.2,1554,Running
2025-04-13 15:20,27.8,55.5,2082,Idle
2025-04-13 15:30,26.1,63.1,1545,Running
2025-04-13 15:40,31.4,62.3,1900,Idle
2025-04-13 15:50,29.7,50.2,1877,Idle
2025-04-13 16:00,28.1,68.3,1377,Eating
2025-04-13 16:10,27.7,61.9,1414,Running
2025-04-13 16:20,27.4,63.6,2173,Grooming
2025-04-13 16:30,29.5,61.4,2174,Grooming
2025-04-13 16:40,27.2,51.4,1066,Grooming
2025-04-13 16:50,29.8,64.0,934,Idle
2025-04-13 17:00,28.5,56.3,1495,Running
2025-04-13 17:10,29.4,56.6,1263,Running
2025-04-13 17:20,28.8,56.7,1502,Running
2025-04-13 17:30,30.5,62.6,2295,Eating
2025-04-13 17:40,29.0,61.6,1002,Running
2025-04-13 17:50,29.0,64.8,700,Running
2025-04-13 18:00,28.5,63.0,700,Running
2025-04-13 18:10,28.0,65.4,1514,Eating
2025-04-13 18:20,28.1,53.8,2092,Eating
2025-04-13 18:30,29.3,65.2,2700,Running
2025-04-13 18:40,26.0,63.9,1102,Running
2025-04-13 18:50,31.3,58.9,1518,Running
2025-04-13 19:00,31.4,57.6,1726,Eating
2025-04-13 19:10,25.5,56.7,1292,Running
2025-04-13 19:20,29.3,59.9,2034,Running
2025-04-13 19:30,25.0,70.0,1226,Eating
2025-04-13 19:40,27.8,62.7,2234,Running
2025-04-13 19:50,28.4,56.8,700,Eating
2025-04-13 20:00,25.1,60.9,1865,Running
2025-04-13 20:10,30.0,56.7,1621,Running
2025-04-13 20:20,30.8,52.2,2037,Running
2025-04-13 20:30,29.3,60.0,1470,Running
2025-04-13 20:40,29.2,62.4,1500,Running
2025-04-13 20:50,25.9,59.3,2025,Eating
2025-04-13 21:00,27.4,59.2,2346,Sleeping
2025-04-13 21:10,25.5,66.1,965,Idle
2025-04-13 21:20,27.9,59.2,1850,Sleeping
2025-04-13 21:30,34.2,50.9,1373,Grooming
2025-04-13 21:40,29.3,61.3,2195,Sleeping
2025-04-13 21:50,27.8,59.6,1281,Sleeping
2025-04-13 22:00,26.0,55.5,917,Idle
2025-04-13 22:10,27.8,56.3,2075,Sleeping
2025-04-13 22:20,30.7,60.9,1597,Idle
2025-04-13 22:30,28.9,66.2,806,Sleeping
2025-04-13 22:40,27.9,61.9,1501,Sleeping
2025-04-13 22:50,28.5,59.7,1298,Sleeping
2025-04-13 23:00,25.9,61.0,1904,Grooming
2025-04-13 23:10,26.7,56.9,1127,Sleeping
2025-04-13 23:20,26.2,65.9,2393,Idle
2025-04-13 23:30,25.4,60.0,2562,Grooming
2025-04-13 23:40,28.3,61.0,1030,Sleeping
2025-04-13 23:50,27.1,60.7,1157,Sleeping
2025-04-14 00:00,28.6,53.2,1779,Grooming
2025-04-14 00:10,26.9,60.1,1633,Sleeping
2025-04-14 00:20,26.8,59.1,1377,Sleeping
2025-04-14 00:30,28.0,67.0,1839,Sleeping
2025-04-14 00:40,27.4,62.3,1395,Sleeping
2025-04-14 00:50,28.3,59.6,1537,Sleeping
2025-04-14 01:00,29.6,55.1,1956,Sleeping
2025-04-14 01:10,28.5,61.6,1947,Sleeping
2025-04-14 01:20,27.2,65.6,1991,Idle
2025-04-14 01:30,27.9,58.5,1115,Sleeping
2025-04-14 01:40,27.1,68.7,2302,Grooming
2025-04-14 01:50,27.6,56.0,803,Idle
2025-04-14 02:00,25.0,63.0,2567,Sleeping
2025-04-14 02:10,31.0,53.5,1318,Grooming
2025-04-14 02:20,28.8,55.2,2316,Sleeping
2025-04-14 02:30,29.5,57.5,2014,Sleeping
2025-04-14 02:40,26.4,62.6,1723,Sleeping
2025-04-14 02:50,25.7,53.0,1900,Grooming
2025-04-14 03:00,30.9,56.0,1977,Idle
2025-04-14 03:10,25.8,61.2,1151,Grooming
2025-04-14 03:20,26.9,61.6,2141,Idle
2025-04-14 03:30,29.3,63.1,919,Idle
2025-04-14 03:40,25.1,59.0,1940,Grooming
2025-04-14 03:50,25.3,60.5,1549,Grooming
2025-04-14 04:00,27.5,55.3,1909,Sleeping
2025-04-14 04:10,29.3,58.9,1889,Sleeping
2025-04-14 04:20,28.9,59.2,1780,Sleeping
2025-04-14 04:30,29.0,58.6,1877,Sleeping
2025-04-14 04:40,30.9,59.6,947,Grooming
2025-04-14 04:50,30.6,61.9,1377,Sleeping
2025-04-14 05:00,25.7,63.1,984,Sleeping
2025-04-14 05:10,29.7,64.7,2700,Sleeping
2025-04-14 05:20,25.9,62.8,1573,Grooming
2025-04-14 05:30,31.7,62.5,700,Grooming
2025-04-14 05:40,26.4,58.2,2215,Sleeping
2025-04-14 05:50,27.2,64.8,1153,Sleeping
2025-04-14 06:00,26.6,63.4,2118,Eating
2025-04-14 06:10,28.5,54.2,1484,Eating
2025-04-14 06:20,29.8,64.4,2072,Eating
2025-04-14 06:30,30.2,63.5,1103,Grooming
2025-04-14 06:40,30.1,57.0,2220,Grooming
2025-04-14 06:50,28.1,64.7,1529,Eating
2025-04-14 07:00,25.0,59.4,2281,Eating
2025-04-14 07:10,31.0,61.0,1566,Grooming
2025-04-14 07:20,28.1,63.2,1947,Eating
2025-04-14 07:30,27.0,56.1,1577,Eating
2025-04-14 07:40,25.9,58.1,1617,Grooming
2025-04-14 07:50,29.6,54.6,1526,Grooming
2025-04-14 08:00,25.9,61.8,1790,Grooming
2025-04-14 08:10,33.2,66.3,1568,Eating
2025-04-14 08:20,25.0,58.5,2245,Grooming
2025-04-14 08:30,27.3,57.5,2388,Eating
2025-04-14 08:40,27.7,57.1,1428,Eating
2025-04-14 08:50,26.2,63.7,1978,Eating
2025-04-14 09:00,29.1,58.1,2059,Grooming
2025-04-14 09:10,28.3,61.6,1274,Eating
2025-04-14 09:20,27.9,57.3,1712,Eating
2025-04-14 09:30,30.2,63.7,1962,Eating
2025-04-14 09:40,28.4,62.7,1957,Eating
2025-04-14 09:50,28.6,60.9,1695,Eating
2025-04-14 10:00,28.6,57.7,1981,Running
2025-04-14 10:10,28.8,64.5,1928,Running
2025-04-14 10:20,28.4,61.5,1253,Running
2025-04-14 10:30,25.8,57.7,1300,Idle
2025-04-14 10:40,26.3,60.8,2448,Idle
2025-04-14 10:50,30.0,60.4,1446,Running
2025-04-14 11:00,29.7,65.0,1840,Running
2025-04-14 11:10,29.8,57.8,1104,Running
2025-04-14 11:20,25.1,59.7,1738,Eating
2025-04-14 11:30,29.6,62.4,1040,Running
2025-04-14 11:40,25.0,52.3,735,Idle
2025-04-14 11:50,25.0,63.8,827,Eating
2025-04-14 12:00,30.6,54.8,2067,Idle
2025-04-14 12:10,25.0,62.8,1524,Eating
2025-04-14 12:20,25.2,65.8,1594,Idle
2025-04-14 12:30,27.6,60.8,1432,Running
2025-04-14 12:40,26.7,52.8,1547,Eating
2025-04-14 12:50,26.7,55.2,2498,Eating
2025-04-14 13:00,28.8,60.1,1463,Running
2025-04-14 13:10,31.0,58.7,834,Idle
2025-04-14 13:20,25.0,65.6,700,Eating
2025-04-14 13:30,27.0,62.6,1438,Running
2025-04-14 13:40,25.0,61.8,2413,Idle
2025-04-14 13:50,25.9,61.6,1809,Grooming
2025-04-14 14:00,28.7,55.2,1682,Running
2025-04-14 14:10,27.8,65.2,2213,Eating
2025-04-14 14:20,27.2,60.8,2700,Grooming
2025-04-14 14:30,28.2,61.6,700,Idle
2025-04-14 14:40,28.9,56.3,1565,Running
2025-04-14 14:50,28.0,54.7,2054,Grooming
2025-04-14 15:00,26.8,55.7,1112,Running
2025-04-14 15:10,25.0,65.1,1830,Idle
2025-04-14 15:20,28.8,61.8,1487,Running
2025-04-14 15:30,33.1,65.2,2404,Eating
2025-04-14 15:40,28.3,50.0,2066,Idle
2025-04-14 15:50,28.3,66.3,2253,Grooming
2025-04-14 16:00,30.3,55.8,1285,Grooming
2025-04-14 16:10,27.9,57.3,1186,Running
2025-04-14 16:20,27.8,61.6,1656,Running
2025-04-14 16:30,25.0,63.1,2140,Eating
2025-04-14 16:40,29.7,57.6,2070,Idle
2025-04-14 16:50,28.8,55.7,2454,Eating
2025-04-14 17:00,29.9,67.7,1675,Running
2025-04-14 17:10,28.7,65.3,1194,Running
2025-04-14 17:20,27.7,62.9,2022,Eating
2025-04-14 17:30,27.2,62.4,700,Eating
2025-04-14 17:40,33.1,70.0,1545,Running
2025-04-14 17:50,26.0,63.2,1994,Running
2025-04-14 18:00,28.7,66.7,1359,Running
2025-04-14 18:10,25.0,56.7,1403,Eating
2025-04-14 18:20,25.0,63.2,1412,Running
2025-04-14 18:30,26.1,62.1,2575,Eating
2025-04-14 18:40,28.1,54.7,1689,Running
2025-04-14 18:50,29.2,57.9,1747,Running
2025-04-14 19:00,27.5,63.0,1310,Running
2025-04-14 19:10,31.3,60.8,1661,Eating
2025-04-14 19:20,26.2,63.6,955,Running
2025-04-14 19:30,27.3,63.3,1190,Running
2025-04-14 19:40,26.5,53.2,2278,Eating
2025-04-14 19:50,27.6,66.2,2074,Running
2025-04-14 20:00,27.1,63.6,1674,Running
2025-04-14 20:10,29.2,57.5,1887,Running
2025-04-14 20:20,27.8,60.7,1626,Running
2025-04-14 20:30,27.8,57.5,2570,Eating
2025-04-14 20:40,27.5,58.6,2700,Running
2025-04-14 20:50,29.3,57.5,1544,Running
2025-04-14 21:00,25.4,54.7,1866,Sleeping
2025-04-14 21:10,27.4,59.6,2568,Grooming
